Time,P1.1.1 E (Wh),P1.1.1 P (W),P1.1.2 E (Wh),P1.1.2 P (W),P1.1.3 E (Wh),P1.1.3 P (W),P1.1.4 E (Wh),P1.1.4 P (W),P1.1.5 E (Wh),P1.1.5 P (W),P1.1.6 E (Wh),P1.1.6 P (W),P1.1.7 E (Wh),P1.1.7 P (W),P1.1.8 E (Wh),P1.1.8 P (W),Srt1.1 E (Wh),Str1.1 P (W)
2022-12-01 01:00:00,0.0,0.0,0.0,0.0,0.0,0.0,0.0,0.0,0.0,0.0,0.0,0.0,0.0,0.0,0.0,0.0,0.0,0.0
2022-12-01 02:00:00,0.0,0.0,0.0,0.0,0.0,0.0,0.0,0.0,0.0,0.0,0.0,0.0,0.0,0.0,0.0,0.0,0.0,0.0
2022-12-01 03:00:00,0.0,0.0,0.0,0.0,0.0,0.0,0.0,0.0,0.0,0.0,0.0,0.0,0.0,0.0,0.0,0.0,0.0,0.0
2022-12-01 04:00:00,0.0,0.0,0.0,0.0,0.0,0.0,0.0,0.0,0.0,0.0,0.0,0.0,0.0,0.0,0.0,0.0,0.0,0.0
2022-12-01 05:00:00,0.0,0.0,0.0,0.0,0.0,0.0,0.0,0.0,0.0,0.0,0.0,0.0,0.0,0.0,0.0,0.0,0.0,0.0
2022-12-01 06:00:00,0.0,0.0,0.0,0.0,0.0,0.0,0.0,0.0,0.0,0.0,0.0,0.0,0.0,0.0,0.0,0.0,0.0,0.0
2022-12-01 07:00:00,0.0,0.0,0.0,0.0,0.0,0.0,0.0,0.0,0.0,0.0,0.0,0.0,0.0,0.0,0.0,0.0,0.0,0.0
2022-12-01 08:00:00,0.0,0.0,0.0,0.0,0.0,0.0,0.0,0.0,0.0,0.0,0.0,0.0,0.0,0.0,0.25,0.0,0.0,0.0
2022-12-01 09:00:00,24.0,0.0,26.5,0.0,18.0,0.0,21.0,0.0,15.0,0.0,14.5,0.0,13.5,0.0,15.5,0.0,148.0,95.6833
2022-12-01 10:00:00,81.0,0.0,92.5,0.0,61.5,0.0,74.25,0.0,89.0,0.0,87.75,0.0,94.5,0.0,96.75,0.0,677.25,151.1197
2022-12-01 11:00:00,170.5,0.0,184.75,0.0,167.5,0.0,192.0,0.0,207.25,0.0,190.0,0.0,190.25,0.0,186.75,0.0,1489.0,1424.8212
2022-12-01 12:00:00,205.75,0.0,182.25,0.0,200.0,0.0,169.75,0.0,180.25,0.0,196.75,0.0,190.75,0.0,182.0,0.0,1507.5,1513.9709
2022-12-01 13:00:00,149.75,0.0,160.5,0.0,145.75,0.0,145.5,0.0,152.25,0.0,153.25,0.0,145.0,0.0,170.5,0.0,1222.5,1222.0214
2022-12-01 14:00:00,204.0,0.0,192.25,0.0,196.25,0.0,191.0,0.0,180.75,0.0,190.0,0.0,177.5,0.0,179.75,0.0,1511.5,1526.2313
2022-12-01 15:00:00,191.5,0.0,209.25,0.0,199.5,0.0,212.75,0.0,213.25,0.0,203.75,0.0,203.5,0.0,190.25,0.0,1623.75,1602.8036
2022-12-01 16:00:00,175.25,0.0,155.25,0.0,155.25,0.0,149.25,0.0,171.75,0.0,160.25,0.0,138.75,0.0,171.25,0.0,1277.0,1417.2388
2022-12-01 17:00:00,19.75,0.0,10.0,0.0,19.5,0.0,13.25,0.0,15.5,0.0,13.0,0.0,26.75,0.0,17.0,0.0,134.75,240.4853
2022-12-01 18:00:00,0.0,0.0,0.0,0.0,0.0,0.0,0.0,0.0,0.0,0.0,0.0,0.0,0.0,0.0,0.0,0.0,0.0,0.0
2022-12-01 19:00:00,0.0,0.0,0.0,0.0,0.0,0.0,0.0,0.0,0.0,0.0,0.0,0.0,0.0,0.0,0.0,0.0,0.0,0.0
2022-12-01 20:00:00,0.0,0.0,0.0,0.0,0.0,0.0,0.0,0.0,0.0,0.0,0.0,0.0,0.0,0.0,0.0,0.0,0.0,0.0
2022-12-01 21:00:00,0.0,0.0,0.0,0.0,0.0,0.0,0.0,0.0,0.0,0.0,0.0,0.0,0.0,0.0,0.0,0.0,0.0,0.0
2022-12-01 22:00:00,0.0,0.0,0.0,0.0,0.0,0.0,0.0,0.0,0.0,0.0,0.0,0.0,0.0,0.0,0.0,0.0,0.0,0.0
2022-12-01 23:00:00,0.0,0.0,0.0,0.0,0.0,0.0,0.0,0.0,0.0,0.0,0.0,0.0,0.0,0.0,0.0,0.0,0.0,0.0
2022-12-02 00:00:00,0.0,0.0,0.0,0.0,0.0,0.0,0.0,0.0,0.0,0.0,0.0,0.0,0.0,0.0,0.0,0.0,0.0,0.0
2022-12-02 01:00:00,0.0,0.0,0.0,0.0,0.0,0.0,0.0,0.0,0.0,0.0,0.0,0.0,0.0,0.0,0.0,0.0,0.0,0.0
2022-12-02 02:00:00,0.0,0.0,0.0,0.0,0.0,0.0,0.0,0.0,0.0,0.0,0.0,0.0,0.0,0.0,0.0,0.0,0.0,0.0
2022-12-02 03:00:00,0.0,0.0,0.0,0.0,0.0,0.0,0.0,0.0,0.0,0.0,0.0,0.0,0.0,0.0,0.0,0.0,0.0,0.0
2022-12-02 04:00:00,0.0,0.0,0.0,0.0,0.0,0.0,0.0,0.0,0.0,0.0,0.0,0.0,0.0,0.0,0.0,0.0,0.0,0.0
2022-12-02 05:00:00,0.0,0.0,0.0,0.0,0.0,0.0,0.0,0.0,0.0,0.0,0.0,0.0,0.0,0.0,0.0,0.0,0.0,0.0
2022-12-02 06:00:00,0.0,0.0,0.0,0.0,0.0,0.0,0.0,0.0,0.0,0.0,0.0,0.0,0.0,0.0,0.0,0.0,0.0,0.0
2022-12-02 07:00:00,0.0,0.0,0.0,0.0,0.0,0.0,0.0,0.0,0.0,0.0,0.0,0.0,0.0,0.0,0.0,0.0,0.0,0.0
2022-12-02 08:00:00,0.0,0.0,0.0,0.0,0.25,0.0,0.0,0.0,0.0,0.0,0.0,0.0,0.0,0.0,0.25,0.0,0.0,0.0
2022-12-02 09:00:00,24.0,0.0,28.5,0.0,19.75,0.0,23.0,0.0,15.5,0.0,16.75,0.0,15.0,0.0,16.75,0.0,159.25,91.4864
2022-12-02 10:00:00,105.0,0.0,130.25,0.0,84.0,0.0,88.75,0.0,117.0,0.0,137.5,0.0,145.5,0.0,146.75,0.0,954.75,283.6032
2022-12-02 11:00:00,161.5,0.0,161.5,0.0,162.0,0.0,181.25,0.0,175.25,0.0,183.75,0.0,184.75,0.0,180.75,0.0,1390.75,1406.1284
2022-12-02 12:00:00,182.5,0.0,184.75,0.0,169.5,0.0,176.25,0.0,192.5,0.0,184.25,0.0,164.5,0.0,169.5,0.0,1423.75,1423.1992
2022-12-02 13:00:00,182.0,0.0,168.0,0.0,182.25,0.0,161.5,0.0,167.25,0.0,169.5,0.0,164.75,0.0,175.25,0.0,1370.5,1338.9296
2022-12-02 14:00:00,186.0,0.0,204.5,0.0,184.0,0.0,192.0,0.0,180.0,0.0,178.25,0.0,188.0,0.0,188.25,0.0,1501.0,1449.6694
2022-12-02 15:00:00,190.75,0.0,197.5,0.0,199.75,0.0,190.0,0.0,210.25,0.0,201.0,0.0,182.25,0.0,188.0,0.0,1559.5,1588.0498
2022-12-02 16:00:00,191.0,0.0,159.25,0.0,165.0,0.0,169.5,0.0,171.25,0.0,171.75,0.0,158.5,0.0,163.25,0.0,1349.5,1531.957
2022-12-02 17:00:00,19.75,0.0,15.5,0.0,20.0,0.0,13.0,0.0,18.5,0.0,18.5,0.0,30.75,0.0,30.25,0.0,166.25,356.2935
2022-12-02 18:00:00,0.0,0.0,0.0,0.0,0.0,0.0,0.0,0.0,0.0,0.0,0.0,0.0,0.0,0.0,0.0,0.0,0.0,0.0
2022-12-02 19:00:00,0.0,0.0,0.0,0.0,0.0,0.0,0.0,0.0,0.0,0.0,0.0,0.0,0.0,0.0,0.0,0.0,0.0,0.0
2022-12-02 20:00:00,0.0,0.0,0.0,0.0,0.0,0.0,0.0,0.0,0.0,0.0,0.0,0.0,0.0,0.0,0.0,0.0,0.0,0.0
2022-12-02 21:00:00,0.0,0.0,0.0,0.0,0.0,0.0,0.0,0.0,0.0,0.0,0.0,0.0,0.0,0.0,0.0,0.0,0.0,0.0
2022-12-02 22:00:00,0.0,0.0,0.0,0.0,0.0,0.0,0.0,0.0,0.0,0.0,0.0,0.0,0.0,0.0,0.0,0.0,0.0,0.0
2022-12-02 23:00:00,0.0,0.0,0.0,0.0,0.0,0.0,0.0,0.0,0.0,0.0,0.0,0.0,0.0,0.0,0.0,0.0,0.0,0.0
2022-12-03 00:00:00,0.0,0.0,0.0,0.0,0.0,0.0,0.0,0.0,0.0,0.0,0.0,0.0,0.0,0.0,0.0,0.0,0.0,0.0
2022-12-03 01:00:00,0.0,0.0,0.0,0.0,0.0,0.0,0.0,0.0,0.0,0.0,0.0,0.0,0.0,0.0,0.0,0.0,0.0,0.0
2022-12-03 02:00:00,0.0,0.0,0.0,0.0,0.0,0.0,0.0,0.0,0.0,0.0,0.0,0.0,0.0,0.0,0.0,0.0,0.0,0.0
2022-12-03 03:00:00,0.0,0.0,0.0,0.0,0.0,0.0,0.0,0.0,0.0,0.0,0.0,0.0,0.0,0.0,0.0,0.0,0.0,0.0
2022-12-03 04:00:00,0.0,0.0,0.0,0.0,0.0,0.0,0.0,0.0,0.0,0.0,0.0,0.0,0.0,0.0,0.0,0.0,0.0,0.0
2022-12-03 05:00:00,0.0,0.0,0.0,0.0,0.0,0.0,0.0,0.0,0.0,0.0,0.0,0.0,0.0,0.0,0.0,0.0,0.0,0.0
2022-12-03 06:00:00,0.0,0.0,0.0,0.0,0.0,0.0,0.0,0.0,0.0,0.0,0.0,0.0,0.0,0.0,0.0,0.0,0.0,0.0
2022-12-03 07:00:00,0.0,0.0,0.0,0.0,0.0,0.0,0.0,0.0,0.0,0.0,0.0,0.0,0.0,0.0,0.0,0.0,0.0,0.0
2022-12-03 08:00:00,0.0,0.0,0.0,0.0,0.0,0.0,0.0,0.0,0.0,0.0,0.0,0.0,0.0,0.0,0.0,0.0,0.0,0.0
2022-12-03 09:00:00,2.0,0.0,2.0,0.0,1.75,0.0,2.25,0.0,1.0,0.0,2.25,0.0,2.25,0.0,2.75,0.0,0.0,0.0
2022-12-03 10:00:00,13.25,0.0,15.5,0.0,14.0,0.0,13.75,0.0,16.75,0.0,14.5,0.0,15.25,0.0,17.25,0.0,120.25,89.2406
2022-12-03 11:00:00,53.0,0.0,55.5,0.0,56.75,0.0,55.25,0.0,59.5,0.0,57.0,0.0,58.75,0.0,62.0,0.0,457.75,289.1754
2022-12-03 12:00:00,55.0,0.0,59.0,0.0,60.75,0.0,60.25,0.0,61.25,0.0,61.25,0.0,52.5,0.0,62.25,0.0,472.25,1008.226
2022-12-03 13:00:00,119.75,0.0,111.25,0.0,111.0,0.0,112.0,0.0,109.75,0.0,110.25,0.0,112.5,0.0,105.75,0.0,892.25,541.5086
2022-12-03 14:00:00,166.0,0.0,167.5,0.0,167.5,0.0,163.0,0.0,168.25,0.0,169.0,0.0,165.0,0.0,173.5,0.0,1339.75,1450.4202
2022-12-03 15:00:00,27.75,0.0,30.5,0.0,24.25,0.0,26.0,0.0,29.75,0.0,21.5,0.0,24.25,0.0,23.5,0.0,207.5,302.9589
2022-12-03 16:00:00,5.25,0.0,5.5,0.0,6.5,0.0,4.25,0.0,6.25,0.0,4.75,0.0,7.5,0.0,8.25,0.0,48.25,59.3809
2022-12-03 17:00:00,0.75,0.0,1.5,0.0,1.5,0.0,0.0,0.0,1.75,0.0,0.0,0.0,2.25,0.0,2.25,0.0,10.0,38.8522
2022-12-03 18:00:00,0.0,0.0,0.0,0.0,0.0,0.0,0.0,0.0,0.0,0.0,0.0,0.0,0.0,0.0,0.0,0.0,0.0,0.0
2022-12-03 19:00:00,0.0,0.0,0.0,0.0,0.0,0.0,0.0,0.0,0.0,0.0,0.0,0.0,0.0,0.0,0.0,0.0,0.0,0.0
2022-12-03 20:00:00,0.0,0.0,0.0,0.0,0.0,0.0,0.0,0.0,0.0,0.0,0.0,0.0,0.0,0.0,0.0,0.0,0.0,0.0
2022-12-03 21:00:00,0.0,0.0,0.0,0.0,0.0,0.0,0.0,0.0,0.0,0.0,0.0,0.0,0.0,0.0,0.0,0.0,0.0,0.0
2022-12-03 22:00:00,0.0,0.0,0.0,0.0,0.0,0.0,0.0,0.0,0.0,0.0,0.0,0.0,0.0,0.0,0.0,0.0,0.0,0.0
2022-12-03 23:00:00,0.0,0.0,0.0,0.0,0.0,0.0,0.0,0.0,0.0,0.0,0.0,0.0,0.0,0.0,0.0,0.0,0.0,0.0
2022-12-04 00:00:00,0.0,0.0,0.0,0.0,0.0,0.0,0.0,0.0,0.0,0.0,0.0,0.0,0.0,0.0,0.0,0.0,0.0,0.0
2022-12-04 01:00:00,0.0,0.0,0.0,0.0,0.0,0.0,0.0,0.0,0.0,0.0,0.0,0.0,0.0,0.0,0.0,0.0,0.0,0.0
2022-12-04 02:00:00,0.0,0.0,0.0,0.0,0.0,0.0,0.0,0.0,0.0,0.0,0.0,0.0,0.0,0.0,0.0,0.0,0.0,0.0
2022-12-04 03:00:00,0.0,0.0,0.0,0.0,0.0,0.0,0.0,0.0,0.0,0.0,0.0,0.0,0.0,0.0,0.0,0.0,0.0,0.0
2022-12-04 04:00:00,0.0,0.0,0.0,0.0,0.0,0.0,0.0,0.0,0.0,0.0,0.0,0.0,0.0,0.0,0.0,0.0,0.0,0.0
2022-12-04 05:00:00,0.0,0.0,0.0,0.0,0.0,0.0,0.0,0.0,0.0,0.0,0.0,0.0,0.0,0.0,0.0,0.0,0.0,0.0
2022-12-04 06:00:00,0.0,0.0,0.0,0.0,0.0,0.0,0.0,0.0,0.0,0.0,0.0,0.0,0.0,0.0,0.0,0.0,0.0,0.0
2022-12-04 07:00:00,0.0,0.0,0.0,0.0,0.0,0.0,0.0,0.0,0.0,0.0,0.0,0.0,0.0,0.0,0.0,0.0,0.0,0.0
2022-12-04 08:00:00,0.0,0.0,0.0,0.0,0.0,0.0,0.0,0.0,0.0,0.0,0.0,0.0,0.0,0.0,0.25,0.0,0.0,0.0
2022-12-04 09:00:00,21.0,0.0,25.75,0.0,13.75,0.0,17.25,0.0,11.25,0.0,12.75,0.0,9.5,0.0,12.75,0.0,124.0,60.6507
2022-12-04 10:00:00,85.25,0.0,108.25,0.0,88.0,0.0,87.75,0.0,106.75,0.0,129.25,0.0,136.5,0.0,139.25,0.0,881.0,231.6448
2022-12-04 11:00:00,182.5,0.0,186.25,0.0,163.0,0.0,188.5,0.0,195.75,0.0,198.75,0.0,179.75,0.0,193.0,0.0,1487.5,1451.45
2022-12-04 12:00:00,166.0,0.0,170.0,0.0,165.75,0.0,155.75,0.0,158.75,0.0,166.25,0.0,182.75,0.0,165.25,0.0,1330.5,1416.4509
2022-12-04 13:00:00,174.25,0.0,175.5,0.0,169.5,0.0,174.25,0.0,180.0,0.0,165.5,0.0,140.75,0.0,153.5,0.0,1333.25,1293.8517
2022-12-04 14:00:00,196.0,0.0,176.75,0.0,156.0,0.0,158.25,0.0,173.5,0.0,165.0,0.0,193.25,0.0,187.25,0.0,1406.0,1391.1537
2022-12-04 15:00:00,189.0,0.0,188.75,0.0,199.5,0.0,217.25,0.0,206.75,0.0,205.25,0.0,192.25,0.0,177.5,0.0,1576.25,1560.597
2022-12-04 16:00:00,176.25,0.0,180.5,0.0,192.25,0.0,169.25,0.0,176.25,0.0,168.75,0.0,161.0,0.0,184.75,0.0,1409.0,1550.6633
2022-12-04 17:00:00,27.5,0.0,15.5,0.0,14.25,0.0,9.0,0.0,25.25,0.0,30.0,0.0,26.25,0.0,25.0,0.0,172.75,381.0428
2022-12-04 18:00:00,0.0,0.0,0.0,0.0,0.0,0.0,0.0,0.0,0.0,0.0,0.0,0.0,0.0,0.0,0.0,0.0,0.0,0.0
2022-12-04 19:00:00,0.0,0.0,0.0,0.0,0.0,0.0,0.0,0.0,0.0,0.0,0.0,0.0,0.0,0.0,0.0,0.0,0.0,0.0
2022-12-04 20:00:00,0.0,0.0,0.0,0.0,0.0,0.0,0.0,0.0,0.0,0.0,0.0,0.0,0.0,0.0,0.0,0.0,0.0,0.0
2022-12-04 21:00:00,0.0,0.0,0.0,0.0,0.0,0.0,0.0,0.0,0.0,0.0,0.0,0.0,0.0,0.0,0.0,0.0,0.0,0.0
2022-12-04 22:00:00,0.0,0.0,0.0,0.0,0.0,0.0,0.0,0.0,0.0,0.0,0.0,0.0,0.0,0.0,0.0,0.0,0.0,0.0
2022-12-04 23:00:00,0.0,0.0,0.0,0.0,0.0,0.0,0.0,0.0,0.0,0.0,0.0,0.0,0.0,0.0,0.0,0.0,0.0,0.0
2022-12-05 00:00:00,0.0,0.0,0.0,0.0,0.0,0.0,0.0,0.0,0.0,0.0,0.0,0.0,0.0,0.0,0.0,0.0,0.0,0.0
2022-12-05 01:00:00,0.0,0.0,0.0,0.0,0.0,0.0,0.0,0.0,0.0,0.0,0.0,0.0,0.0,0.0,0.0,0.0,0.0,0.0
2022-12-05 02:00:00,0.0,0.0,0.0,0.0,0.0,0.0,0.0,0.0,0.0,0.0,0.0,0.0,0.0,0.0,0.0,0.0,0.0,0.0
2022-12-05 03:00:00,0.0,0.0,0.0,0.0,0.0,0.0,0.0,0.0,0.0,0.0,0.0,0.0,0.0,0.0,0.0,0.0,0.0,0.0
2022-12-05 04:00:00,0.0,0.0,0.0,0.0,0.0,0.0,0.0,0.0,0.0,0.0,0.0,0.0,0.0,0.0,0.0,0.0,0.0,0.0
2022-12-05 05:00:00,0.0,0.0,0.0,0.0,0.0,0.0,0.0,0.0,0.0,0.0,0.0,0.0,0.0,0.0,0.0,0.0,0.0,0.0
2022-12-05 06:00:00,0.0,0.0,0.0,0.0,0.0,0.0,0.0,0.0,0.0,0.0,0.0,0.0,0.0,0.0,0.0,0.0,0.0,0.0
2022-12-05 07:00:00,0.0,0.0,0.0,0.0,0.0,0.0,0.0,0.0,0.0,0.0,0.0,0.0,0.0,0.0,0.0,0.0,0.0,0.0
2022-12-05 08:00:00,0.0,0.0,0.0,0.0,0.0,0.0,0.0,0.0,0.0,0.0,0.0,0.0,0.0,0.0,0.25,0.0,0.0,0.0
2022-12-05 09:00:00,19.5,0.0,22.0,0.0,22.5,0.0,22.75,0.0,20.75,0.0,22.25,0.0,21.25,0.0,22.0,0.0,173.0,88.9379
2022-12-05 10:00:00,71.25,0.0,74.25,0.0,58.0,0.0,55.25,0.0,73.5,0.0,57.0,0.0,71.0,0.0,73.75,0.0,534.0,287.4037
2022-12-05 11:00:00,104.75,0.0,102.25,0.0,96.5,0.0,102.0,0.0,95.0,0.0,113.0,0.0,106.5,0.0,100.75,0.0,820.75,627.6476
2022-12-05 12:00:00,183.0,0.0,186.0,0.0,169.0,0.0,176.75,0.0,184.5,0.0,184.5,0.0,165.25,0.0,169.0,0.0,1418.0,1413.542
2022-12-05 13:00:00,178.0,0.0,165.25,0.0,178.0,0.0,159.0,0.0,174.0,0.0,158.25,0.0,162.25,0.0,172.0,0.0,1346.75,1385.3784
2022-12-05 14:00:00,101.5,0.0,109.0,0.0,98.0,0.0,106.75,0.0,95.5,0.0,98.5,0.0,101.25,0.0,100.75,0.0,811.25,1415.9683
2022-12-05 15:00:00,130.25,0.0,132.25,0.0,128.5,0.0,119.0,0.0,135.75,0.0,129.5,0.0,116.0,0.0,122.75,0.0,1014.0,782.0119
2022-12-05 16:00:00,122.25,0.0,118.0,0.0,115.25,0.0,123.75,0.0,115.25,0.0,110.75,0.0,118.75,0.0,115.25,0.0,939.25,1535.2688
2022-12-05 17:00:00,7.75,0.0,7.0,0.0,8.75,0.0,7.25,0.0,7.75,0.0,7.5,0.0,10.0,0.0,10.75,0.0,66.75,141.7266
2022-12-05 18:00:00,0.0,0.0,0.0,0.0,0.0,0.0,0.0,0.0,0.0,0.0,0.0,0.0,0.0,0.0,0.0,0.0,0.0,0.0
2022-12-05 19:00:00,0.0,0.0,0.0,0.0,0.0,0.0,0.0,0.0,0.0,0.0,0.0,0.0,0.0,0.0,0.0,0.0,0.0,0.0
2022-12-05 20:00:00,0.0,0.0,0.0,0.0,0.0,0.0,0.0,0.0,0.0,0.0,0.0,0.0,0.0,0.0,0.0,0.0,0.0,0.0
2022-12-05 21:00:00,0.0,0.0,0.0,0.0,0.0,0.0,0.0,0.0,0.0,0.0,0.0,0.0,0.0,0.0,0.0,0.0,0.0,0.0
2022-12-05 22:00:00,0.0,0.0,0.0,0.0,0.0,0.0,0.0,0.0,0.0,0.0,0.0,0.0,0.0,0.0,0.0,0.0,0.0,0.0
2022-12-05 23:00:00,0.0,0.0,0.0,0.0,0.0,0.0,0.0,0.0,0.0,0.0,0.0,0.0,0.0,0.0,0.0,0.0,0.0,0.0
2022-12-06 00:00:00,0.0,0.0,0.0,0.0,0.0,0.0,0.0,0.0,0.0,0.0,0.0,0.0,0.0,0.0,0.0,0.0,0.0,0.0
2022-12-06 01:00:00,0.0,0.0,0.0,0.0,0.0,0.0,0.0,0.0,0.0,0.0,0.0,0.0,0.0,0.0,0.0,0.0,0.0,0.0
2022-12-06 02:00:00,0.0,0.0,0.0,0.0,0.0,0.0,0.0,0.0,0.0,0.0,0.0,0.0,0.0,0.0,0.0,0.0,0.0,0.0
2022-12-06 03:00:00,0.0,0.0,0.0,0.0,0.0,0.0,0.0,0.0,0.0,0.0,0.0,0.0,0.0,0.0,0.0,0.0,0.0,0.0
2022-12-06 04:00:00,0.0,0.0,0.0,0.0,0.0,0.0,0.0,0.0,0.0,0.0,0.0,0.0,0.0,0.0,0.0,0.0,0.0,0.0
2022-12-06 05:00:00,0.0,0.0,0.0,0.0,0.0,0.0,0.0,0.0,0.0,0.0,0.0,0.0,0.0,0.0,0.0,0.0,0.0,0.0
2022-12-06 06:00:00,0.0,0.0,0.0,0.0,0.0,0.0,0.0,0.0,0.0,0.0,0.0,0.0,0.0,0.0,0.0,0.0,0.0,0.0
2022-12-06 07:00:00,0.0,0.0,0.0,0.0,0.0,0.0,0.0,0.0,0.0,0.0,0.0,0.0,0.0,0.0,0.0,0.0,0.0,0.0
2022-12-06 08:00:00,0.0,0.0,0.0,0.0,0.0,0.0,0.0,0.0,0.0,0.0,0.0,0.0,0.0,0.0,0.25,0.0,0.0,0.0
2022-12-06 09:00:00,5.5,0.0,6.0,0.0,6.25,0.0,5.75,0.0,6.0,0.0,5.0,0.0,6.75,0.0,7.25,0.0,48.5,2.8634
2022-12-06 10:00:00,20.5,0.0,23.75,0.0,21.5,0.0,24.75,0.0,25.25,0.0,23.75,0.0,22.25,0.0,26.0,0.0,187.75,150.5208
2022-12-06 11:00:00,38.0,0.0,37.25,0.0,37.0,0.0,36.75,0.0,36.75,0.0,38.25,0.0,42.0,0.0,44.0,0.0,310.0,284.8839
2022-12-06 12:00:00,57.75,0.0,60.25,0.0,60.0,0.0,57.75,0.0,57.5,0.0,61.25,0.0,54.75,0.0,56.75,0.0,466.0,400.6669
2022-12-06 13:00:00,141.25,0.0,130.5,0.0,129.5,0.0,131.5,0.0,145.0,0.0,125.5,0.0,134.0,0.0,140.25,0.0,1077.5,647.9415
2022-12-06 14:00:00,89.0,0.0,95.0,0.0,92.25,0.0,91.25,0.0,92.0,0.0,96.25,0.0,81.0,0.0,91.25,0.0,728.0,907.1365
2022-12-06 15:00:00,45.25,0.0,41.5,0.0,44.75,0.0,40.5,0.0,41.25,0.0,38.75,0.0,47.25,0.0,45.75,0.0,345.0,433.3816
2022-12-06 16:00:00,17.25,0.0,18.0,0.0,19.5,0.0,17.5,0.0,20.75,0.0,18.5,0.0,19.5,0.0,23.0,0.0,154.0,195.9961
2022-12-06 17:00:00,0.25,0.0,1.0,0.0,1.0,0.0,0.25,0.0,1.25,0.0,0.5,0.0,2.25,0.0,1.0,0.0,7.5,40.7649
2022-12-06 18:00:00,0.0,0.0,0.0,0.0,0.0,0.0,0.0,0.0,0.0,0.0,0.0,0.0,0.0,0.0,0.0,0.0,0.0,0.0
2022-12-06 19:00:00,0.0,0.0,0.0,0.0,0.0,0.0,0.0,0.0,0.0,0.0,0.0,0.0,0.0,0.0,0.0,0.0,0.0,0.0
2022-12-06 20:00:00,0.0,0.0,0.0,0.0,0.0,0.0,0.0,0.0,0.0,0.0,0.0,0.0,0.0,0.0,0.0,0.0,0.0,0.0
2022-12-06 21:00:00,0.0,0.0,0.0,0.0,0.0,0.0,0.0,0.0,0.0,0.0,0.0,0.0,0.0,0.0,0.0,0.0,0.0,0.0
2022-12-06 22:00:00,0.0,0.0,0.0,0.0,0.0,0.0,0.0,0.0,0.0,0.0,0.0,0.0,0.0,0.0,0.0,0.0,0.0,0.0
2022-12-06 23:00:00,0.0,0.0,0.0,0.0,0.0,0.0,0.0,0.0,0.0,0.0,0.0,0.0,0.0,0.0,0.0,0.0,0.0,0.0
2022-12-07 00:00:00,0.0,0.0,0.0,0.0,0.0,0.0,0.0,0.0,0.0,0.0,0.0,0.0,0.0,0.0,0.0,0.0,0.0,0.0
2022-12-07 01:00:00,0.0,0.0,0.0,0.0,0.0,0.0,0.0,0.0,0.0,0.0,0.0,0.0,0.0,0.0,0.0,0.0,0.0,0.0
2022-12-07 02:00:00,0.0,0.0,0.0,0.0,0.0,0.0,0.0,0.0,0.0,0.0,0.0,0.0,0.0,0.0,0.0,0.0,0.0,0.0
2022-12-07 03:00:00,0.0,0.0,0.0,0.0,0.0,0.0,0.0,0.0,0.0,0.0,0.0,0.0,0.0,0.0,0.0,0.0,0.0,0.0
2022-12-07 04:00:00,0.0,0.0,0.0,0.0,0.0,0.0,0.0,0.0,0.0,0.0,0.0,0.0,0.0,0.0,0.0,0.0,0.0,0.0
2022-12-07 05:00:00,0.0,0.0,0.0,0.0,0.0,0.0,0.0,0.0,0.0,0.0,0.0,0.0,0.0,0.0,0.0,0.0,0.0,0.0
2022-12-07 06:00:00,0.0,0.0,0.0,0.0,0.0,0.0,0.0,0.0,0.0,0.0,0.0,0.0,0.0,0.0,0.0,0.0,0.0,0.0
2022-12-07 07:00:00,0.0,0.0,0.0,0.0,0.0,0.0,0.0,0.0,0.0,0.0,0.0,0.0,0.0,0.0,0.0,0.0,0.0,0.0
2022-12-07 08:00:00,0.0,0.0,0.0,0.0,0.0,0.0,0.0,0.0,0.0,0.0,0.0,0.0,0.0,0.0,0.0,0.0,0.0,0.0
2022-12-07 09:00:00,4.0,0.0,4.0,0.0,4.25,0.0,3.75,0.0,4.75,0.0,4.25,0.0,4.5,0.0,5.75,0.0,0.0,0.0
2022-12-07 10:00:00,35.5,0.0,41.25,0.0,41.0,0.0,37.75,0.0,41.5,0.0,43.5,0.0,43.75,0.0,43.75,0.0,328.0,147.576
2022-12-07 11:00:00,73.75,0.0,82.25,0.0,75.75,0.0,80.75,0.0,92.25,0.0,81.5,0.0,74.75,0.0,82.25,0.0,643.25,546.6968
2022-12-07 12:00:00,114.5,0.0,109.75,0.0,105.25,176.1188,105.5,0.0,101.0,0.0,103.25,0.0,109.5,0.0,110.5,0.0,859.25,1307.5244
2022-12-07 13:00:00,114.0,0.0,118.75,0.0,116.25,0.0,104.75,0.0,110.5,0.0,111.25,0.0,110.75,0.0,112.0,0.0,898.25,583.9348
2022-12-07 14:00:00,92.5,0.0,85.0,0.0,98.0,0.0,93.5,0.0,89.0,71.4891,92.75,0.0,86.75,0.0,90.5,0.0,728.0,831.7756
2022-12-07 15:00:00,162.0,0.0,161.75,0.0,144.75,0.0,152.5,0.0,161.25,0.0,147.0,0.0,153.25,0.0,154.5,0.0,1237.0,1332.3383
2022-12-07 16:00:00,47.5,0.0,43.0,0.0,47.25,0.0,45.25,0.0,47.0,0.0,48.75,0.0,46.0,0.0,47.0,0.0,371.75,450.4026
2022-12-07 17:00:00,2.5,0.0,2.5,0.0,2.5,0.0,2.25,0.0,2.75,0.0,3.0,0.0,2.75,0.0,3.0,0.0,21.25,70.8237
2022-12-07 18:00:00,0.0,0.0,0.0,0.0,0.0,0.0,0.0,0.0,0.0,0.0,0.0,0.0,0.0,0.0,0.0,0.0,0.0,0.0
2022-12-07 19:00:00,0.0,0.0,0.0,0.0,0.0,0.0,0.0,0.0,0.0,0.0,0.0,0.0,0.0,0.0,0.0,0.0,0.0,0.0
2022-12-07 20:00:00,0.0,0.0,0.0,0.0,0.0,0.0,0.0,0.0,0.0,0.0,0.0,0.0,0.0,0.0,0.0,0.0,0.0,0.0
2022-12-07 21:00:00,0.0,0.0,0.0,0.0,0.0,0.0,0.0,0.0,0.0,0.0,0.0,0.0,0.0,0.0,0.0,0.0,0.0,0.0
2022-12-07 22:00:00,0.0,0.0,0.0,0.0,0.0,0.0,0.0,0.0,0.0,0.0,0.0,0.0,0.0,0.0,0.0,0.0,0.0,0.0
2022-12-07 23:00:00,0.0,0.0,0.0,0.0,0.0,0.0,0.0,0.0,0.0,0.0,0.0,0.0,0.0,0.0,0.0,0.0,0.0,0.0
2022-12-08 00:00:00,0.0,0.0,0.0,0.0,0.0,0.0,0.0,0.0,0.0,0.0,0.0,0.0,0.0,0.0,0.0,0.0,0.0,0.0
2022-12-08 01:00:00,0.0,0.0,0.0,0.0,0.0,0.0,0.0,0.0,0.0,0.0,0.0,0.0,0.0,0.0,0.0,0.0,0.0,0.0
2022-12-08 02:00:00,0.0,0.0,0.0,0.0,0.0,0.0,0.0,0.0,0.0,0.0,0.0,0.0,0.0,0.0,0.0,0.0,0.0,0.0
2022-12-08 03:00:00,0.0,0.0,0.0,0.0,0.0,0.0,0.0,0.0,0.0,0.0,0.0,0.0,0.0,0.0,0.0,0.0,0.0,0.0
2022-12-08 04:00:00,0.0,0.0,0.0,0.0,0.0,0.0,0.0,0.0,0.0,0.0,0.0,0.0,0.0,0.0,0.0,0.0,0.0,0.0
2022-12-08 05:00:00,0.0,0.0,0.0,0.0,0.0,0.0,0.0,0.0,0.0,0.0,0.0,0.0,0.0,0.0,0.0,0.0,0.0,0.0
2022-12-08 06:00:00,0.0,0.0,0.0,0.0,0.0,0.0,0.0,0.0,0.0,0.0,0.0,0.0,0.0,0.0,0.0,0.0,0.0,0.0
2022-12-08 07:00:00,0.0,0.0,0.0,0.0,0.0,0.0,0.0,0.0,0.0,0.0,0.0,0.0,0.0,0.0,0.0,0.0,0.0,0.0
2022-12-08 08:00:00,0.0,0.0,0.0,0.0,0.0,0.0,0.0,0.0,0.0,0.0,0.0,0.0,0.0,0.0,0.0,0.0,0.0,0.0
2022-12-08 09:00:00,0.0,0.0,0.0,0.0,0.0,0.0,0.0,0.0,0.0,0.0,0.0,0.0,0.0,0.0,0.75,0.0,0.0,0.0
2022-12-08 10:00:00,7.25,0.0,8.5,0.0,7.75,0.0,8.25,0.0,9.0,0.0,7.25,0.0,8.5,0.0,11.25,0.0,67.75,2.9835
2022-12-08 11:00:00,30.75,0.0,29.25,0.0,31.0,0.0,32.75,0.0,29.5,0.0,32.75,0.0,30.25,0.0,34.75,0.0,251.0,245.0142
2022-12-08 12:00:00,30.5,0.0,31.75,0.0,36.25,0.0,33.0,0.0,38.25,0.0,32.75,0.0,39.25,0.0,39.75,0.0,281.5,261.687
2022-12-08 13:00:00,108.5,0.0,111.5,0.0,104.0,0.0,103.5,0.0,99.0,0.0,112.0,0.0,98.5,0.0,110.5,0.0,847.5,522.9754
2022-12-08 14:00:00,168.5,0.0,161.5,0.0,172.0,0.0,175.25,0.0,163.75,0.0,159.5,0.0,169.5,0.0,155.0,0.0,1325.0,1376.8579
2022-12-08 15:00:00,178.75,0.0,176.5,0.0,154.5,0.0,164.75,0.0,178.5,0.0,160.5,0.0,169.5,0.0,177.5,0.0,1360.5,1481.5476
2022-12-08 16:00:00,71.0,0.0,77.0,0.0,78.5,0.0,64.5,0.0,82.5,0.0,78.0,0.0,63.5,0.0,63.0,0.0,578.0,1186.5649
2022-12-08 17:00:00,1.25,0.0,1.5,0.0,1.5,0.0,0.0,0.0,1.75,0.0,0.0,0.0,2.5,0.0,3.0,0.0,11.5,44.4878
2022-12-08 18:00:00,0.0,0.0,0.0,0.0,0.0,0.0,0.0,0.0,0.0,0.0,0.0,0.0,0.0,0.0,0.0,0.0,0.0,0.0
2022-12-08 19:00:00,0.0,0.0,0.0,0.0,0.0,0.0,0.0,0.0,0.0,0.0,0.0,0.0,0.0,0.0,0.0,0.0,0.0,0.0
2022-12-08 20:00:00,0.0,0.0,0.0,0.0,0.0,0.0,0.0,0.0,0.0,0.0,0.0,0.0,0.0,0.0,0.0,0.0,0.0,0.0
2022-12-08 21:00:00,0.0,0.0,0.0,0.0,0.0,0.0,0.0,0.0,0.0,0.0,0.0,0.0,0.0,0.0,0.0,0.0,0.0,0.0
2022-12-08 22:00:00,0.0,0.0,0.0,0.0,0.0,0.0,0.0,0.0,0.0,0.0,0.0,0.0,0.0,0.0,0.0,0.0,0.0,0.0
2022-12-08 23:00:00,0.0,0.0,0.0,0.0,0.0,0.0,0.0,0.0,0.0,0.0,0.0,0.0,0.0,0.0,0.0,0.0,0.0,0.0
2022-12-09 00:00:00,0.0,0.0,0.0,0.0,0.0,0.0,0.0,0.0,0.0,0.0,0.0,0.0,0.0,0.0,0.0,0.0,0.0,0.0
2022-12-09 01:00:00,0.0,0.0,0.0,0.0,0.0,0.0,0.0,0.0,0.0,0.0,0.0,0.0,0.0,0.0,0.0,0.0,0.0,0.0
2022-12-09 02:00:00,0.0,0.0,0.0,0.0,0.0,0.0,0.0,0.0,0.0,0.0,0.0,0.0,0.0,0.0,0.0,0.0,0.0,0.0
2022-12-09 03:00:00,0.0,0.0,0.0,0.0,0.0,0.0,0.0,0.0,0.0,0.0,0.0,0.0,0.0,0.0,0.0,0.0,0.0,0.0
2022-12-09 04:00:00,0.0,0.0,0.0,0.0,0.0,0.0,0.0,0.0,0.0,0.0,0.0,0.0,0.0,0.0,0.0,0.0,0.0,0.0
2022-12-09 05:00:00,0.0,0.0,0.0,0.0,0.0,0.0,0.0,0.0,0.0,0.0,0.0,0.0,0.0,0.0,0.0,0.0,0.0,0.0
2022-12-09 06:00:00,0.0,0.0,0.0,0.0,0.0,0.0,0.0,0.0,0.0,0.0,0.0,0.0,0.0,0.0,0.0,0.0,0.0,0.0
2022-12-09 07:00:00,0.0,0.0,0.0,0.0,0.0,0.0,0.0,0.0,0.0,0.0,0.0,0.0,0.0,0.0,0.0,0.0,0.0,0.0
2022-12-09 08:00:00,0.0,0.0,0.0,0.0,0.0,0.0,0.0,0.0,0.0,0.0,0.0,0.0,0.0,0.0,0.0,0.0,0.0,0.0
2022-12-09 09:00:00,0.0,0.0,0.0,0.0,0.0,0.0,0.0,0.0,0.0,0.0,0.0,0.0,0.0,0.0,0.5,0.0,0.0,0.0
2022-12-09 10:00:00,1.0,0.0,1.75,0.0,1.5,0.0,0.0,0.0,1.25,0.0,0.0,0.0,2.25,0.0,3.25,0.0,11.0,2.5201
2022-12-09 11:00:00,6.25,0.0,7.25,0.0,7.5,0.0,6.0,0.0,7.5,0.0,5.75,0.0,8.75,0.0,10.0,0.0,59.0,34.947
2022-12-09 12:00:00,11.75,0.0,12.25,0.0,12.75,0.0,12.0,0.0,14.0,0.0,13.25,0.0,12.75,0.0,15.0,0.0,103.75,98.1036
2022-12-09 13:00:00,16.5,0.0,17.25,0.0,18.25,0.0,18.25,0.0,17.25,0.0,18.0,0.0,18.75,0.0,21.75,0.0,146.0,102.1242
2022-12-09 14:00:00,14.5,0.0,14.0,0.0,15.25,0.0,14.25,0.0,18.25,0.0,16.75,0.0,16.5,0.0,18.25,0.0,127.75,141.9581
2022-12-09 15:00:00,5.0,0.0,4.75,0.0,6.75,0.0,5.25,0.0,6.0,0.0,4.5,0.0,6.5,0.0,9.25,0.0,48.0,76.2792
2022-12-09 16:00:00,0.0,0.0,0.0,0.0,0.25,0.0,0.0,0.0,0.25,0.0,0.0,0.0,0.0,0.0,0.75,0.0,1.25,10.1604
2022-12-09 17:00:00,0.0,0.0,0.0,0.0,0.0,0.0,0.0,0.0,0.0,0.0,0.0,0.0,0.0,0.0,0.0,0.0,0.0,0.0
2022-12-09 18:00:00,0.0,0.0,0.0,0.0,0.0,0.0,0.0,0.0,0.0,0.0,0.0,0.0,0.0,0.0,0.0,0.0,0.0,0.0
2022-12-09 19:00:00,0.0,0.0,0.0,0.0,0.0,0.0,0.0,0.0,0.0,0.0,0.0,0.0,0.0,0.0,0.0,0.0,0.0,0.0
2022-12-09 20:00:00,0.0,0.0,0.0,0.0,0.0,0.0,0.0,0.0,0.0,0.0,0.0,0.0,0.0,0.0,0.0,0.0,0.0,0.0
2022-12-09 21:00:00,0.0,0.0,0.0,0.0,0.0,0.0,0.0,0.0,0.0,0.0,0.0,0.0,0.0,0.0,0.0,0.0,0.0,0.0
2022-12-09 22:00:00,0.0,0.0,0.0,0.0,0.0,0.0,0.0,0.0,0.0,0.0,0.0,0.0,0.0,0.0,0.0,0.0,0.0,0.0
2022-12-09 23:00:00,0.0,0.0,0.0,0.0,0.0,0.0,0.0,0.0,0.0,0.0,0.0,0.0,0.0,0.0,0.0,0.0,0.0,0.0
2022-12-10 00:00:00,0.0,0.0,0.0,0.0,0.0,0.0,0.0,0.0,0.0,0.0,0.0,0.0,0.0,0.0,0.0,0.0,0.0,0.0
2022-12-10 01:00:00,0.0,0.0,0.0,0.0,0.0,0.0,0.0,0.0,0.0,0.0,0.0,0.0,0.0,0.0,0.0,0.0,0.0,0.0
2022-12-10 02:00:00,0.0,0.0,0.0,0.0,0.0,0.0,0.0,0.0,0.0,0.0,0.0,0.0,0.0,0.0,0.0,0.0,0.0,0.0
2022-12-10 03:00:00,0.0,0.0,0.0,0.0,0.0,0.0,0.0,0.0,0.0,0.0,0.0,0.0,0.0,0.0,0.0,0.0,0.0,0.0
2022-12-10 04:00:00,0.0,0.0,0.0,0.0,0.0,0.0,0.0,0.0,0.0,0.0,0.0,0.0,0.0,0.0,0.0,0.0,0.0,0.0
2022-12-10 05:00:00,0.0,0.0,0.0,0.0,0.0,0.0,0.0,0.0,0.0,0.0,0.0,0.0,0.0,0.0,0.0,0.0,0.0,0.0
2022-12-10 06:00:00,0.0,0.0,0.0,0.0,0.0,0.0,0.0,0.0,0.0,0.0,0.0,0.0,0.0,0.0,0.0,0.0,0.0,0.0
2022-12-10 07:00:00,0.0,0.0,0.0,0.0,0.0,0.0,0.0,0.0,0.0,0.0,0.0,0.0,0.0,0.0,0.0,0.0,0.0,0.0
2022-12-10 08:00:00,0.0,0.0,0.0,0.0,0.0,0.0,0.0,0.0,0.0,0.0,0.0,0.0,0.0,0.0,0.0,0.0,0.0,0.0
2022-12-10 09:00:00,17.75,0.0,22.25,0.0,14.0,0.0,14.75,0.0,12.5,0.0,10.0,0.0,12.25,0.0,12.0,0.0,115.5,2.8956
2022-12-10 10:00:00,48.5,0.0,63.0,0.0,48.5,0.0,59.5,0.0,64.0,0.0,84.75,0.0,83.0,0.0,81.75,0.0,533.0,257.006
2022-12-10 11:00:00,151.75,0.0,159.5,0.0,148.25,0.0,168.25,0.0,176.75,0.0,169.75,0.0,165.75,0.0,171.75,0.0,1311.75,1246.1454
2022-12-10 12:00:00,159.5,0.0,152.75,0.0,141.25,0.0,139.25,0.0,150.75,0.0,144.5,0.0,152.25,0.0,144.75,0.0,1185.0,1268.131
2022-12-10 13:00:00,172.5,0.0,175.75,0.0,169.0,0.0,165.75,0.0,166.25,0.0,160.5,0.0,159.0,0.0,174.5,0.0,1343.25,1296.7375
2022-12-10 14:00:00,154.75,0.0,147.0,0.0,147.5,0.0,146.5,0.0,144.0,0.0,144.25,0.0,142.25,0.0,126.25,0.0,1152.5,1393.9614
2022-12-10 15:00:00,127.25,0.0,130.25,0.0,129.5,0.0,130.5,0.0,115.75,0.0,128.0,0.0,125.0,0.0,123.75,0.0,1010.0,1572.5544
2022-12-10 16:00:00,27.0,0.0,23.75,0.0,24.0,0.0,24.25,0.0,38.5,0.0,23.75,0.0,23.0,0.0,36.5,0.0,220.75,250.4889
2022-12-10 17:00:00,4.75,0.0,5.25,0.0,6.0,0.0,5.75,0.0,5.75,0.0,4.5,0.0,6.5,0.0,5.75,0.0,44.25,124.0139
2022-12-10 18:00:00,0.0,0.0,0.0,0.0,0.0,0.0,0.0,0.0,0.0,0.0,0.0,0.0,0.0,0.0,0.0,0.0,0.0,0.0
2022-12-10 19:00:00,0.0,0.0,0.0,0.0,0.0,0.0,0.0,0.0,0.0,0.0,0.0,0.0,0.0,0.0,0.0,0.0,0.0,0.0
2022-12-10 20:00:00,0.0,0.0,0.0,0.0,0.0,0.0,0.0,0.0,0.0,0.0,0.0,0.0,0.0,0.0,0.0,0.0,0.0,0.0
2022-12-10 21:00:00,0.0,0.0,0.0,0.0,0.0,0.0,0.0,0.0,0.0,0.0,0.0,0.0,0.0,0.0,0.0,0.0,0.0,0.0
2022-12-10 22:00:00,0.0,0.0,0.0,0.0,0.0,0.0,0.0,0.0,0.0,0.0,0.0,0.0,0.0,0.0,0.0,0.0,0.0,0.0
2022-12-10 23:00:00,0.0,0.0,0.0,0.0,0.0,0.0,0.0,0.0,0.0,0.0,0.0,0.0,0.0,0.0,0.0,0.0,0.0,0.0
2022-12-11 00:00:00,0.0,0.0,0.0,0.0,0.0,0.0,0.0,0.0,0.0,0.0,0.0,0.0,0.0,0.0,0.0,0.0,0.0,0.0
2022-12-11 01:00:00,0.0,0.0,0.0,0.0,0.0,0.0,0.0,0.0,0.0,0.0,0.0,0.0,0.0,0.0,0.0,0.0,0.0,0.0
2022-12-11 02:00:00,0.0,0.0,0.0,0.0,0.0,0.0,0.0,0.0,0.0,0.0,0.0,0.0,0.0,0.0,0.0,0.0,0.0,0.0
2022-12-11 03:00:00,0.0,0.0,0.0,0.0,0.0,0.0,0.0,0.0,0.0,0.0,0.0,0.0,0.0,0.0,0.0,0.0,0.0,0.0
2022-12-11 04:00:00,0.0,0.0,0.0,0.0,0.0,0.0,0.0,0.0,0.0,0.0,0.0,0.0,0.0,0.0,0.0,0.0,0.0,0.0
2022-12-11 05:00:00,0.0,0.0,0.0,0.0,0.0,0.0,0.0,0.0,0.0,0.0,0.0,0.0,0.0,0.0,0.0,0.0,0.0,0.0
2022-12-11 06:00:00,0.0,0.0,0.0,0.0,0.0,0.0,0.0,0.0,0.0,0.0,0.0,0.0,0.0,0.0,0.0,0.0,0.0,0.0
2022-12-11 07:00:00,0.0,0.0,0.0,0.0,0.0,0.0,0.0,0.0,0.0,0.0,0.0,0.0,0.0,0.0,0.0,0.0,0.0,0.0
2022-12-11 08:00:00,0.0,0.0,0.0,0.0,0.0,0.0,0.0,0.0,0.0,0.0,0.0,0.0,0.0,0.0,0.0,0.0,0.0,0.0
2022-12-11 09:00:00,4.25,0.0,6.75,0.0,6.25,0.0,5.0,0.0,5.5,0.0,4.5,0.0,5.75,0.0,5.5,0.0,43.5,0.0
2022-12-11 10:00:00,37.5,0.0,33.75,0.0,32.5,0.0,42.25,0.0,41.0,0.0,35.25,0.0,41.75,0.0,44.25,22.65,308.25,217.5305
2022-12-11 11:00:00,72.75,0.0,82.25,0.0,77.5,0.0,73.0,0.0,75.5,0.0,80.5,0.0,72.75,0.0,79.25,0.0,613.5,672.7203
2022-12-11 12:00:00,46.25,0.0,46.5,0.0,45.25,0.0,46.5,0.0,47.75,0.0,46.75,0.0,48.25,0.0,51.25,0.0,378.5,487.9922
2022-12-11 13:00:00,61.0,0.0,53.5,0.0,59.5,0.0,60.0,0.0,66.75,0.0,63.0,0.0,57.25,0.0,66.5,0.0,487.5,359.9538
2022-12-11 14:00:00,50.0,0.0,55.25,0.0,54.5,0.0,51.5,0.0,52.25,0.0,53.0,0.0,56.5,48.5875,55.0,0.0,428.0,395.701
2022-12-11 15:00:00,82.0,0.0,71.0,0.0,81.5,0.0,76.75,0.0,72.0,0.0,72.75,0.0,69.25,0.0,72.75,0.0,598.0,892.3435
2022-12-11 16:00:00,31.5,0.0,38.5,0.0,28.75,0.0,29.75,0.0,40.0,0.0,33.5,0.0,38.25,98.3359,40.5,0.0,280.75,526.8405
2022-12-11 17:00:00,3.5,0.0,3.0,0.0,5.5,0.0,3.25,0.0,5.5,0.0,3.0,0.0,4.0,0.0,4.25,0.0,32.0,82.1535
2022-12-11 18:00:00,0.0,0.0,0.0,0.0,0.0,0.0,0.0,0.0,0.0,0.0,0.0,0.0,0.0,0.0,0.0,0.0,0.0,0.0
2022-12-11 19:00:00,0.0,0.0,0.0,0.0,0.0,0.0,0.0,0.0,0.0,0.0,0.0,0.0,0.0,0.0,0.0,0.0,0.0,0.0
2022-12-11 20:00:00,0.0,0.0,0.0,0.0,0.0,0.0,0.0,0.0,0.0,0.0,0.0,0.0,0.0,0.0,0.0,0.0,0.0,0.0
2022-12-11 21:00:00,0.0,0.0,0.0,0.0,0.0,0.0,0.0,0.0,0.0,0.0,0.0,0.0,0.0,0.0,0.0,0.0,0.0,0.0
2022-12-11 22:00:00,0.0,0.0,0.0,0.0,0.0,0.0,0.0,0.0,0.0,0.0,0.0,0.0,0.0,0.0,0.0,0.0,0.0,0.0
2022-12-11 23:00:00,0.0,0.0,0.0,0.0,0.0,0.0,0.0,0.0,0.0,0.0,0.0,0.0,0.0,0.0,0.0,0.0,0.0,0.0
2022-12-12 00:00:00,0.0,0.0,0.0,0.0,0.0,0.0,0.0,0.0,0.0,0.0,0.0,0.0,0.0,0.0,0.0,0.0,0.0,0.0
2022-12-12 01:00:00,0.0,0.0,0.0,0.0,0.0,0.0,0.0,0.0,0.0,0.0,0.0,0.0,0.0,0.0,0.0,0.0,0.0,0.0
2022-12-12 02:00:00,0.0,0.0,0.0,0.0,0.0,0.0,0.0,0.0,0.0,0.0,0.0,0.0,0.0,0.0,0.0,0.0,0.0,0.0
2022-12-12 03:00:00,0.0,0.0,0.0,0.0,0.0,0.0,0.0,0.0,0.0,0.0,0.0,0.0,0.0,0.0,0.0,0.0,0.0,0.0
2022-12-12 04:00:00,0.0,0.0,0.0,0.0,0.0,0.0,0.0,0.0,0.0,0.0,0.0,0.0,0.0,0.0,0.0,0.0,0.0,0.0
2022-12-12 05:00:00,0.0,0.0,0.0,0.0,0.0,0.0,0.0,0.0,0.0,0.0,0.0,0.0,0.0,0.0,0.0,0.0,0.0,0.0
2022-12-12 06:00:00,0.0,0.0,0.0,0.0,0.0,0.0,0.0,0.0,0.0,0.0,0.0,0.0,0.0,0.0,0.0,0.0,0.0,0.0
2022-12-12 07:00:00,0.0,0.0,0.0,0.0,0.0,0.0,0.0,0.0,0.0,0.0,0.0,0.0,0.0,0.0,0.0,0.0,0.0,0.0
2022-12-12 08:00:00,0.0,0.0,0.0,0.0,0.0,0.0,0.0,0.0,0.0,0.0,0.0,0.0,0.0,0.0,0.0,0.0,0.0,0.0
2022-12-12 09:00:00,0.0,0.0,0.0,0.0,0.0,0.0,0.0,0.0,0.0,0.0,0.0,0.0,0.0,0.0,0.0,0.0,0.0,0.0
2022-12-12 10:00:00,0.0,0.0,0.0,0.0,0.0,0.0,0.0,0.0,0.0,0.0,0.0,0.0,0.0,0.0,0.25,0.0,0.0,0.0
2022-12-12 11:00:00,4.5,0.0,4.5,0.0,5.25,0.0,4.5,0.0,4.0,0.0,4.0,0.0,4.0,0.0,6.75,0.0,37.5,3.0049
2022-12-12 12:00:00,8.0,0.0,8.25,0.0,9.0,0.0,7.75,0.0,10.5,0.0,8.75,0.0,11.0,0.0,11.5,0.0,74.75,13.5134
2022-12-12 13:00:00,33.25,0.0,34.25,0.0,33.5,0.0,33.25,0.0,36.5,0.0,35.75,0.0,34.25,0.0,38.5,0.0,279.25,132.7721
2022-12-12 14:00:00,118.0,0.0,114.25,0.0,111.75,0.0,110.25,0.0,110.25,0.0,109.25,0.0,112.5,0.0,114.0,0.0,900.25,1279.0432
2022-12-12 15:00:00,60.75,0.0,62.5,0.0,63.0,0.0,58.75,0.0,64.25,0.0,59.25,0.0,56.5,0.0,56.5,0.0,481.5,204.4255
2022-12-12 16:00:00,86.75,0.0,80.5,0.0,83.25,0.0,82.75,0.0,89.5,0.0,79.25,0.0,83.0,0.0,87.5,0.0,672.5,468.4251
2022-12-12 17:00:00,8.0,0.0,9.25,0.0,16.25,0.0,8.5,0.0,18.0,0.0,25.0,0.0,20.25,0.0,24.0,0.0,129.25,415.216
2022-12-12 18:00:00,0.0,0.0,0.0,0.0,0.0,0.0,0.0,0.0,0.0,0.0,0.0,0.0,0.0,0.0,0.0,0.0,0.0,0.0
2022-12-12 19:00:00,0.0,0.0,0.0,0.0,0.0,0.0,0.0,0.0,0.0,0.0,0.0,0.0,0.0,0.0,0.0,0.0,0.0,0.0
2022-12-12 20:00:00,0.0,0.0,0.0,0.0,0.0,0.0,0.0,0.0,0.0,0.0,0.0,0.0,0.0,0.0,0.0,0.0,0.0,0.0
2022-12-12 21:00:00,0.0,0.0,0.0,0.0,0.0,0.0,0.0,0.0,0.0,0.0,0.0,0.0,0.0,0.0,0.0,0.0,0.0,0.0
2022-12-12 22:00:00,0.0,0.0,0.0,0.0,0.0,0.0,0.0,0.0,0.0,0.0,0.0,0.0,0.0,0.0,0.0,0.0,0.0,0.0
2022-12-12 23:00:00,0.0,0.0,0.0,0.0,0.0,0.0,0.0,0.0,0.0,0.0,0.0,0.0,0.0,0.0,0.0,0.0,0.0,0.0
2022-12-13 00:00:00,0.0,0.0,0.0,0.0,0.0,0.0,0.0,0.0,0.0,0.0,0.0,0.0,0.0,0.0,0.0,0.0,0.0,0.0
2022-12-13 01:00:00,0.0,0.0,0.0,0.0,0.0,0.0,0.0,0.0,0.0,0.0,0.0,0.0,0.0,0.0,0.0,0.0,0.0,0.0
2022-12-13 02:00:00,0.0,0.0,0.0,0.0,0.0,0.0,0.0,0.0,0.0,0.0,0.0,0.0,0.0,0.0,0.0,0.0,0.0,0.0
2022-12-13 03:00:00,0.0,0.0,0.0,0.0,0.0,0.0,0.0,0.0,0.0,0.0,0.0,0.0,0.0,0.0,0.0,0.0,0.0,0.0
2022-12-13 04:00:00,0.0,0.0,0.0,0.0,0.0,0.0,0.0,0.0,0.0,0.0,0.0,0.0,0.0,0.0,0.0,0.0,0.0,0.0
2022-12-13 05:00:00,0.0,0.0,0.0,0.0,0.0,0.0,0.0,0.0,0.0,0.0,0.0,0.0,0.0,0.0,0.0,0.0,0.0,0.0
2022-12-13 06:00:00,0.0,0.0,0.0,0.0,0.0,0.0,0.0,0.0,0.0,0.0,0.0,0.0,0.0,0.0,0.0,0.0,0.0,0.0
2022-12-13 07:00:00,0.0,0.0,0.0,0.0,0.0,0.0,0.0,0.0,0.0,0.0,0.0,0.0,0.0,0.0,0.0,0.0,0.0,0.0
2022-12-13 08:00:00,0.0,0.0,0.0,0.0,0.0,0.0,0.0,0.0,0.0,0.0,0.0,0.0,0.0,0.0,0.0,0.0,0.0,0.0
2022-12-13 09:00:00,2.25,0.0,2.0,0.0,1.75,0.0,2.25,0.0,1.0,0.0,1.75,0.0,1.0,0.0,3.5,0.0,15.5,0.2469
2022-12-13 10:00:00,21.75,0.0,23.5,0.0,23.25,0.0,23.5,0.0,28.5,0.0,21.5,0.0,23.5,0.0,28.75,0.0,194.25,115.3941
2022-12-13 11:00:00,45.5,0.0,50.25,0.0,47.5,0.0,48.0,0.0,47.0,0.0,47.0,0.0,48.75,0.0,47.25,0.0,381.25,297.7164
2022-12-13 12:00:00,37.75,0.0,34.5,0.0,33.75,0.0,38.25,0.0,41.25,0.0,41.25,0.0,40.0,0.0,43.0,0.0,309.75,380.1021
2022-12-13 13:00:00,34.5,0.0,35.5,0.0,40.25,0.0,36.0,0.0,39.75,0.0,37.0,0.0,39.75,0.0,40.5,0.0,303.25,385.9777
2022-12-13 14:00:00,49.25,0.0,46.25,0.0,47.0,0.0,44.75,0.0,50.25,0.0,44.25,0.0,47.0,0.0,51.5,0.0,380.25,523.3827
2022-12-13 15:00:00,56.5,0.0,54.0,0.0,57.0,0.0,55.75,0.0,55.0,0.0,52.75,0.0,55.75,0.0,55.25,0.0,442.0,268.4518
2022-12-13 16:00:00,21.5,0.0,22.25,0.0,20.25,0.0,18.5,0.0,26.75,0.0,25.5,0.0,23.0,0.0,30.5,0.0,188.25,255.0929
2022-12-13 17:00:00,1.25,0.0,0.5,0.0,0.75,0.0,0.0,0.0,1.25,0.0,0.0,0.0,1.25,0.0,1.5,0.0,6.5,38.8406
2022-12-13 18:00:00,0.0,0.0,0.0,0.0,0.0,0.0,0.0,0.0,0.0,0.0,0.0,0.0,0.0,0.0,0.0,0.0,0.0,0.0
2022-12-13 19:00:00,0.0,0.0,0.0,0.0,0.0,0.0,0.0,0.0,0.0,0.0,0.0,0.0,0.0,0.0,0.0,0.0,0.0,0.0
2022-12-13 20:00:00,0.0,0.0,0.0,0.0,0.0,0.0,0.0,0.0,0.0,0.0,0.0,0.0,0.0,0.0,0.0,0.0,0.0,0.0
2022-12-13 21:00:00,0.0,0.0,0.0,0.0,0.0,0.0,0.0,0.0,0.0,0.0,0.0,0.0,0.0,0.0,0.0,0.0,0.0,0.0
2022-12-13 22:00:00,0.0,0.0,0.0,0.0,0.0,0.0,0.0,0.0,0.0,0.0,0.0,0.0,0.0,0.0,0.0,0.0,0.0,0.0
2022-12-13 23:00:00,0.0,0.0,0.0,0.0,0.0,0.0,0.0,0.0,0.0,0.0,0.0,0.0,0.0,0.0,0.0,0.0,0.0,0.0
2022-12-14 00:00:00,0.0,0.0,0.0,0.0,0.0,0.0,0.0,0.0,0.0,0.0,0.0,0.0,0.0,0.0,0.0,0.0,0.0,0.0
2022-12-14 01:00:00,0.0,0.0,0.0,0.0,0.0,0.0,0.0,0.0,0.0,0.0,0.0,0.0,0.0,0.0,0.0,0.0,0.0,0.0
2022-12-14 02:00:00,0.0,0.0,0.0,0.0,0.0,0.0,0.0,0.0,0.0,0.0,0.0,0.0,0.0,0.0,0.0,0.0,0.0,0.0
2022-12-14 03:00:00,0.0,0.0,0.0,0.0,0.0,0.0,0.0,0.0,0.0,0.0,0.0,0.0,0.0,0.0,0.0,0.0,0.0,0.0
2022-12-14 04:00:00,0.0,0.0,0.0,0.0,0.0,0.0,0.0,0.0,0.0,0.0,0.0,0.0,0.0,0.0,0.0,0.0,0.0,0.0
2022-12-14 05:00:00,0.0,0.0,0.0,0.0,0.0,0.0,0.0,0.0,0.0,0.0,0.0,0.0,0.0,0.0,0.0,0.0,0.0,0.0
2022-12-14 06:00:00,0.0,0.0,0.0,0.0,0.0,0.0,0.0,0.0,0.0,0.0,0.0,0.0,0.0,0.0,0.0,0.0,0.0,0.0
2022-12-14 07:00:00,0.0,0.0,0.0,0.0,0.0,0.0,0.0,0.0,0.0,0.0,0.0,0.0,0.0,0.0,0.0,0.0,0.0,0.0
2022-12-14 08:00:00,0.0,0.0,0.0,0.0,0.0,0.0,0.0,0.0,0.0,0.0,0.0,0.0,0.0,0.0,0.0,0.0,0.0,0.0
2022-12-14 09:00:00,8.25,0.0,9.5,0.0,11.25,0.0,8.75,0.0,12.25,0.0,8.25,0.0,11.0,0.0,11.5,0.0,80.75,12.9818
2022-12-14 10:00:00,37.75,0.0,40.0,0.0,39.0,0.0,41.5,0.0,38.25,0.0,44.25,0.0,38.5,0.0,40.0,0.0,319.25,228.9331
2022-12-14 11:00:00,65.0,0.0,70.25,0.0,64.0,0.0,72.25,0.0,74.75,0.0,70.5,0.0,76.25,0.0,71.5,0.0,564.5,366.5453
2022-12-14 12:00:00,77.0,0.0,87.75,0.0,67.25,0.0,75.75,0.0,82.0,0.0,72.5,0.0,67.75,0.0,87.25,0.0,617.25,609.9982
2022-12-14 13:00:00,160.75,0.0,159.25,0.0,157.25,0.0,155.25,0.0,158.25,0.0,152.5,0.0,163.0,0.0,150.0,0.0,1256.25,1279.5088
2022-12-14 14:00:00,171.0,0.0,146.25,0.0,160.25,0.0,146.75,0.0,143.25,0.0,156.0,0.0,135.75,0.0,133.0,0.0,1192.25,1209.6185
2022-12-14 15:00:00,130.5,0.0,148.5,0.0,137.75,0.0,136.5,0.0,144.5,0.0,131.0,0.0,143.0,0.0,143.5,0.0,1115.25,1418.8383
2022-12-14 16:00:00,44.75,0.0,35.5,0.0,34.5,0.0,33.25,0.0,37.25,0.0,33.5,0.0,31.75,0.0,37.25,0.0,287.75,480.3449
2022-12-14 17:00:00,1.75,0.0,1.25,0.0,2.0,0.0,2.0,8.4375,4.0,0.0,1.0,0.0,3.25,0.0,4.25,0.0,19.5,59.4645
2022-12-14 18:00:00,0.0,0.0,0.0,0.0,0.0,0.0,0.0,0.0,0.0,0.0,0.0,0.0,0.0,0.0,0.0,0.0,0.0,0.0
2022-12-14 19:00:00,0.0,0.0,0.0,0.0,0.0,0.0,0.0,0.0,0.0,0.0,0.0,0.0,0.0,0.0,0.0,0.0,0.0,0.0
2022-12-14 20:00:00,0.0,0.0,0.0,0.0,0.0,0.0,0.0,0.0,0.0,0.0,0.0,0.0,0.0,0.0,0.0,0.0,0.0,0.0
2022-12-14 21:00:00,0.0,0.0,0.0,0.0,0.0,0.0,0.0,0.0,0.0,0.0,0.0,0.0,0.0,0.0,0.0,0.0,0.0,0.0
2022-12-14 22:00:00,0.0,0.0,0.0,0.0,0.0,0.0,0.0,0.0,0.0,0.0,0.0,0.0,0.0,0.0,0.0,0.0,0.0,0.0
2022-12-14 23:00:00,0.0,0.0,0.0,0.0,0.0,0.0,0.0,0.0,0.0,0.0,0.0,0.0,0.0,0.0,0.0,0.0,0.0,0.0
2022-12-15 00:00:00,0.0,0.0,0.0,0.0,0.0,0.0,0.0,0.0,0.0,0.0,0.0,0.0,0.0,0.0,0.0,0.0,0.0,0.0
2022-12-15 01:00:00,0.0,0.0,0.0,0.0,0.0,0.0,0.0,0.0,0.0,0.0,0.0,0.0,0.0,0.0,0.0,0.0,0.0,0.0
2022-12-15 02:00:00,0.0,0.0,0.0,0.0,0.0,0.0,0.0,0.0,0.0,0.0,0.0,0.0,0.0,0.0,0.0,0.0,0.0,0.0
2022-12-15 03:00:00,0.0,0.0,0.0,0.0,0.0,0.0,0.0,0.0,0.0,0.0,0.0,0.0,0.0,0.0,0.0,0.0,0.0,0.0
2022-12-15 04:00:00,0.0,0.0,0.0,0.0,0.0,0.0,0.0,0.0,0.0,0.0,0.0,0.0,0.0,0.0,0.0,0.0,0.0,0.0
2022-12-15 05:00:00,0.0,0.0,0.0,0.0,0.0,0.0,0.0,0.0,0.0,0.0,0.0,0.0,0.0,0.0,0.0,0.0,0.0,0.0
2022-12-15 06:00:00,0.0,0.0,0.0,0.0,0.0,0.0,0.0,0.0,0.0,0.0,0.0,0.0,0.0,0.0,0.0,0.0,0.0,0.0
2022-12-15 07:00:00,0.0,0.0,0.0,0.0,0.0,0.0,0.0,0.0,0.0,0.0,0.0,0.0,0.0,0.0,0.0,0.0,0.0,0.0
2022-12-15 08:00:00,0.0,0.0,0.0,0.0,0.0,0.0,0.0,0.0,0.0,0.0,0.0,0.0,0.0,0.0,0.0,0.0,0.0,0.0
2022-12-15 09:00:00,4.25,0.0,4.75,0.0,3.25,0.0,4.5,0.0,5.0,0.0,4.0,0.0,5.0,0.0,5.0,0.0,35.75,0.0
2022-12-15 10:00:00,19.25,0.0,21.5,0.0,21.25,0.0,20.75,0.0,23.25,0.0,21.25,0.0,21.0,0.0,25.5,0.0,173.75,107.5428
2022-12-15 11:00:00,33.5,0.0,53.0,0.0,49.25,0.0,59.0,0.0,50.75,0.0,46.0,0.0,36.75,0.0,39.75,0.0,368.0,212.7815
2022-12-15 12:00:00,119.0,0.0,100.5,0.0,97.75,0.0,91.25,0.0,105.25,0.0,104.75,0.0,120.25,0.0,118.5,0.0,857.25,1225.7196
2022-12-15 13:00:00,152.25,0.0,160.75,0.0,155.5,0.0,142.0,0.0,152.25,0.0,145.75,0.0,137.25,0.0,143.0,0.0,1188.75,1083.8081
2022-12-15 14:00:00,87.5,0.0,75.75,0.0,71.75,0.0,72.0,0.0,64.0,0.0,71.0,0.0,80.75,0.0,85.75,0.0,608.5,411.4122
2022-12-15 15:00:00,114.5,0.0,115.0,0.0,115.25,0.0,121.5,0.0,130.0,0.0,115.5,0.0,109.25,0.0,104.0,0.0,925.0,1537.6775
2022-12-15 16:00:00,28.25,0.0,23.75,0.0,24.75,0.0,24.75,0.0,27.0,0.0,25.25,0.0,25.75,0.0,26.75,0.0,206.25,190.5236
2022-12-15 17:00:00,2.5,0.0,2.0,0.0,4.25,0.0,4.0,0.0,3.75,0.0,5.0,0.0,4.25,0.0,4.5,0.0,30.25,88.4223
2022-12-15 18:00:00,0.0,0.0,0.0,0.0,0.0,0.0,0.0,0.0,0.0,0.0,0.0,0.0,0.0,0.0,0.0,0.0,0.0,0.0
2022-12-15 19:00:00,0.0,0.0,0.0,0.0,0.0,0.0,0.0,0.0,0.0,0.0,0.0,0.0,0.0,0.0,0.0,0.0,0.0,0.0
2022-12-15 20:00:00,0.0,0.0,0.0,0.0,0.0,0.0,0.0,0.0,0.0,0.0,0.0,0.0,0.0,0.0,0.0,0.0,0.0,0.0
2022-12-15 21:00:00,0.0,0.0,0.0,0.0,0.0,0.0,0.0,0.0,0.0,0.0,0.0,0.0,0.0,0.0,0.0,0.0,0.0,0.0
2022-12-15 22:00:00,0.0,0.0,0.0,0.0,0.0,0.0,0.0,0.0,0.0,0.0,0.0,0.0,0.0,0.0,0.0,0.0,0.0,0.0
2022-12-15 23:00:00,0.0,0.0,0.0,0.0,0.0,0.0,0.0,0.0,0.0,0.0,0.0,0.0,0.0,0.0,0.0,0.0,0.0,0.0
2022-12-16 00:00:00,0.0,0.0,0.0,0.0,0.0,0.0,0.0,0.0,0.0,0.0,0.0,0.0,0.0,0.0,0.0,0.0,0.0,0.0
2022-12-16 01:00:00,0.0,0.0,0.0,0.0,0.0,0.0,0.0,0.0,0.0,0.0,0.0,0.0,0.0,0.0,0.0,0.0,0.0,0.0
2022-12-16 02:00:00,0.0,0.0,0.0,0.0,0.0,0.0,0.0,0.0,0.0,0.0,0.0,0.0,0.0,0.0,0.0,0.0,0.0,0.0
2022-12-16 03:00:00,0.0,0.0,0.0,0.0,0.0,0.0,0.0,0.0,0.0,0.0,0.0,0.0,0.0,0.0,0.0,0.0,0.0,0.0
2022-12-16 04:00:00,0.0,0.0,0.0,0.0,0.0,0.0,0.0,0.0,0.0,0.0,0.0,0.0,0.0,0.0,0.0,0.0,0.0,0.0
2022-12-16 05:00:00,0.0,0.0,0.0,0.0,0.0,0.0,0.0,0.0,0.0,0.0,0.0,0.0,0.0,0.0,0.0,0.0,0.0,0.0
2022-12-16 06:00:00,0.0,0.0,0.0,0.0,0.0,0.0,0.0,0.0,0.0,0.0,0.0,0.0,0.0,0.0,0.0,0.0,0.0,0.0
2022-12-16 07:00:00,0.0,0.0,0.0,0.0,0.0,0.0,0.0,0.0,0.0,0.0,0.0,0.0,0.0,0.0,0.0,0.0,0.0,0.0
2022-12-16 08:00:00,0.0,0.0,0.0,0.0,0.0,0.0,0.0,0.0,0.0,0.0,0.0,0.0,0.0,0.0,0.0,0.0,0.0,0.0
2022-12-16 09:00:00,0.25,0.0,0.5,0.0,0.5,0.0,0.0,0.0,0.5,0.0,0.0,0.0,0.75,0.0,1.0,0.0,0.0,0.0
2022-12-16 10:00:00,6.5,0.0,8.0,0.0,7.0,0.0,6.75,0.0,8.5,0.0,7.75,0.0,8.25,0.0,10.25,0.0,63.0,75.9132
2022-12-16 11:00:00,23.5,0.0,25.75,0.0,24.75,0.0,26.5,0.0,27.0,0.0,26.0,0.0,25.75,0.0,29.5,0.0,208.75,182.0619
2022-12-16 12:00:00,31.0,0.0,28.75,0.0,31.25,0.0,29.25,0.0,33.75,0.0,30.25,0.0,33.5,0.0,33.25,0.0,251.0,263.1497
2022-12-16 13:00:00,19.0,0.0,19.5,0.0,20.5,0.0,20.25,0.0,21.75,0.0,21.5,0.0,20.75,0.0,23.0,0.0,166.25,191.2375
2022-12-16 14:00:00,19.75,0.0,19.5,0.0,21.75,0.0,19.0,0.0,21.25,0.0,21.75,0.0,21.0,0.0,23.75,0.0,167.75,152.3161
2022-12-16 15:00:00,14.75,0.0,15.0,0.0,14.75,0.0,15.5,0.0,17.5,0.0,14.5,0.0,17.75,0.0,18.75,0.0,128.5,133.1006
2022-12-16 16:00:00,9.25,0.0,9.25,0.0,11.5,0.0,7.5,0.0,10.5,0.0,9.0,0.0,10.25,0.0,12.0,0.0,79.25,139.1516
2022-12-16 17:00:00,0.5,0.0,0.5,0.0,0.75,0.0,0.0,0.0,0.75,0.0,0.0,0.0,1.25,0.0,1.5,0.0,5.25,29.8101
2022-12-16 18:00:00,0.0,0.0,0.0,0.0,0.0,0.0,0.0,0.0,0.0,0.0,0.0,0.0,0.0,0.0,0.0,0.0,0.0,0.0
2022-12-16 19:00:00,0.0,0.0,0.0,0.0,0.0,0.0,0.0,0.0,0.0,0.0,0.0,0.0,0.0,0.0,0.0,0.0,0.0,0.0
2022-12-16 20:00:00,0.0,0.0,0.0,0.0,0.0,0.0,0.0,0.0,0.0,0.0,0.0,0.0,0.0,0.0,0.0,0.0,0.0,0.0
2022-12-16 21:00:00,0.0,0.0,0.0,0.0,0.0,0.0,0.0,0.0,0.0,0.0,0.0,0.0,0.0,0.0,0.0,0.0,0.0,0.0
2022-12-16 22:00:00,0.0,0.0,0.0,0.0,0.0,0.0,0.0,0.0,0.0,0.0,0.0,0.0,0.0,0.0,0.0,0.0,0.0,0.0
2022-12-16 23:00:00,0.0,0.0,0.0,0.0,0.0,0.0,0.0,0.0,0.0,0.0,0.0,0.0,0.0,0.0,0.0,0.0,0.0,0.0
2022-12-17 00:00:00,0.0,0.0,0.0,0.0,0.0,0.0,0.0,0.0,0.0,0.0,0.0,0.0,0.0,0.0,0.0,0.0,0.0,0.0
2022-12-17 01:00:00,0.0,0.0,0.0,0.0,0.0,0.0,0.0,0.0,0.0,0.0,0.0,0.0,0.0,0.0,0.0,0.0,0.0,0.0
2022-12-17 02:00:00,0.0,0.0,0.0,0.0,0.0,0.0,0.0,0.0,0.0,0.0,0.0,0.0,0.0,0.0,0.0,0.0,0.0,0.0
2022-12-17 03:00:00,0.0,0.0,0.0,0.0,0.0,0.0,0.0,0.0,0.0,0.0,0.0,0.0,0.0,0.0,0.0,0.0,0.0,0.0
2022-12-17 04:00:00,0.0,0.0,0.0,0.0,0.0,0.0,0.0,0.0,0.0,0.0,0.0,0.0,0.0,0.0,0.0,0.0,0.0,0.0
2022-12-17 05:00:00,0.0,0.0,0.0,0.0,0.0,0.0,0.0,0.0,0.0,0.0,0.0,0.0,0.0,0.0,0.0,0.0,0.0,0.0
2022-12-17 06:00:00,0.0,0.0,0.0,0.0,0.0,0.0,0.0,0.0,0.0,0.0,0.0,0.0,0.0,0.0,0.0,0.0,0.0,0.0
2022-12-17 07:00:00,0.0,0.0,0.0,0.0,0.0,0.0,0.0,0.0,0.0,0.0,0.0,0.0,0.0,0.0,0.0,0.0,0.0,0.0
2022-12-17 08:00:00,0.0,0.0,0.0,0.0,0.0,0.0,0.0,0.0,0.0,0.0,0.0,0.0,0.0,0.0,0.0,0.0,0.0,0.0
2022-12-17 09:00:00,16.0,0.0,22.0,0.0,11.75,0.0,14.5,0.0,10.5,0.0,11.0,0.0,9.75,0.0,12.0,0.0,107.5,1.5635
2022-12-17 10:00:00,69.25,0.0,90.0,0.0,69.0,0.0,74.75,0.0,88.0,0.0,108.0,0.0,107.25,0.0,111.5,0.0,717.75,190.2314
2022-12-17 11:00:00,122.75,0.0,117.75,0.0,114.25,0.0,112.5,0.0,124.25,0.0,118.75,0.0,118.5,0.0,116.25,0.0,945.0,1206.894
2022-12-17 12:00:00,136.75,0.0,134.25,0.0,124.0,0.0,123.0,0.0,132.5,0.0,132.25,0.0,133.25,0.0,127.25,0.0,1043.25,722.081
2022-12-17 13:00:00,161.0,0.0,156.0,0.0,157.75,0.0,154.0,0.0,152.75,0.0,146.5,0.0,148.5,0.0,149.25,0.0,1225.75,1206.8296
2022-12-17 14:00:00,157.0,0.0,170.75,0.0,163.25,0.0,158.75,0.0,165.75,0.0,155.75,0.0,147.25,0.0,165.0,0.0,1283.5,1287.5256
2022-12-17 15:00:00,159.25,0.0,142.5,0.0,135.75,0.0,149.5,0.0,137.5,0.0,140.75,0.0,142.0,0.0,128.75,0.0,1136.0,1275.5317
2022-12-17 16:00:00,78.5,0.0,75.75,0.0,85.75,0.0,74.75,0.0,89.75,0.0,73.75,0.0,77.75,0.0,75.75,0.0,631.75,532.8307
2022-12-17 17:00:00,5.5,0.0,3.75,0.0,4.75,0.0,5.75,0.0,5.25,0.0,13.25,0.0,8.75,0.0,15.5,0.0,62.5,82.0836
2022-12-17 18:00:00,0.0,0.0,0.0,0.0,0.0,0.0,0.0,0.0,0.0,0.0,0.0,0.0,0.0,0.0,0.0,0.0,0.0,0.0
2022-12-17 19:00:00,0.0,0.0,0.0,0.0,0.0,0.0,0.0,0.0,0.0,0.0,0.0,0.0,0.0,0.0,0.0,0.0,0.0,0.0
2022-12-17 20:00:00,0.0,0.0,0.0,0.0,0.0,0.0,0.0,0.0,0.0,0.0,0.0,0.0,0.0,0.0,0.0,0.0,0.0,0.0
2022-12-17 21:00:00,0.0,0.0,0.0,0.0,0.0,0.0,0.0,0.0,0.0,0.0,0.0,0.0,0.0,0.0,0.0,0.0,0.0,0.0
2022-12-17 22:00:00,0.0,0.0,0.0,0.0,0.0,0.0,0.0,0.0,0.0,0.0,0.0,0.0,0.0,0.0,0.0,0.0,0.0,0.0
2022-12-17 23:00:00,0.0,0.0,0.0,0.0,0.0,0.0,0.0,0.0,0.0,0.0,0.0,0.0,0.0,0.0,0.0,0.0,0.0,0.0
2022-12-18 00:00:00,0.0,0.0,0.0,0.0,0.0,0.0,0.0,0.0,0.0,0.0,0.0,0.0,0.0,0.0,0.0,0.0,0.0,0.0
2022-12-18 01:00:00,0.0,0.0,0.0,0.0,0.0,0.0,0.0,0.0,0.0,0.0,0.0,0.0,0.0,0.0,0.0,0.0,0.0,0.0
2022-12-18 02:00:00,0.0,0.0,0.0,0.0,0.0,0.0,0.0,0.0,0.0,0.0,0.0,0.0,0.0,0.0,0.0,0.0,0.0,0.0
2022-12-18 03:00:00,0.0,0.0,0.0,0.0,0.0,0.0,0.0,0.0,0.0,0.0,0.0,0.0,0.0,0.0,0.0,0.0,0.0,0.0
2022-12-18 04:00:00,0.0,0.0,0.0,0.0,0.0,0.0,0.0,0.0,0.0,0.0,0.0,0.0,0.0,0.0,0.0,0.0,0.0,0.0
2022-12-18 05:00:00,0.0,0.0,0.0,0.0,0.0,0.0,0.0,0.0,0.0,0.0,0.0,0.0,0.0,0.0,0.0,0.0,0.0,0.0
2022-12-18 06:00:00,0.0,0.0,0.0,0.0,0.0,0.0,0.0,0.0,0.0,0.0,0.0,0.0,0.0,0.0,0.0,0.0,0.0,0.0
2022-12-18 07:00:00,0.0,0.0,0.0,0.0,0.0,0.0,0.0,0.0,0.0,0.0,0.0,0.0,0.0,0.0,0.0,0.0,0.0,0.0
2022-12-18 08:00:00,0.0,0.0,0.0,0.0,0.0,0.0,0.0,0.0,0.0,0.0,0.0,0.0,0.0,0.0,0.0,0.0,0.0,0.0
2022-12-18 09:00:00,14.0,0.0,15.75,0.0,13.0,0.0,13.75,0.0,13.75,0.0,13.75,0.0,13.0,0.0,15.25,0.0,112.25,3.332
2022-12-18 10:00:00,79.75,0.0,86.0,0.0,76.0,0.0,83.75,0.0,96.75,0.0,100.5,0.0,112.75,0.0,108.75,0.0,744.25,290.7425
2022-12-18 11:00:00,74.75,0.0,81.25,0.0,81.0,0.0,75.75,0.0,81.5,0.0,76.0,0.0,78.0,0.0,85.25,0.0,633.5,673.2736
2022-12-18 12:00:00,113.25,0.0,116.5,0.0,102.75,0.0,105.5,0.0,104.25,0.0,115.25,0.0,102.0,0.0,108.75,0.0,868.25,709.9391
2022-12-18 13:00:00,36.75,0.0,34.75,0.0,39.0,0.0,38.75,0.0,41.75,0.0,37.5,0.0,41.25,0.0,43.75,0.0,313.5,407.1014
2022-12-18 14:00:00,23.75,0.0,21.75,0.0,21.75,0.0,21.5,0.0,26.25,0.0,24.75,0.0,24.5,0.0,27.0,0.0,191.25,189.8143
2022-12-18 15:00:00,19.0,0.0,16.5,0.0,21.0,0.0,15.75,0.0,22.5,0.0,18.0,0.0,18.75,0.0,22.25,0.0,153.75,156.5806
2022-12-18 16:00:00,5.25,0.0,5.5,0.0,5.25,0.0,5.0,0.0,7.0,0.0,5.0,0.0,7.25,0.0,8.75,0.0,49.0,96.9491
2022-12-18 17:00:00,0.75,0.0,0.25,0.0,1.25,0.0,0.5,0.0,1.0,0.0,1.0,0.0,1.5,0.0,2.25,0.0,8.5,42.8868
2022-12-18 18:00:00,0.0,0.0,0.0,0.0,0.0,0.0,0.0,0.0,0.0,0.0,0.0,0.0,0.0,0.0,0.0,0.0,0.0,0.0
2022-12-18 19:00:00,0.0,0.0,0.0,0.0,0.0,0.0,0.0,0.0,0.0,0.0,0.0,0.0,0.0,0.0,0.0,0.0,0.0,0.0
2022-12-18 20:00:00,0.0,0.0,0.0,0.0,0.0,0.0,0.0,0.0,0.0,0.0,0.0,0.0,0.0,0.0,0.0,0.0,0.0,0.0
2022-12-18 21:00:00,0.0,0.0,0.0,0.0,0.0,0.0,0.0,0.0,0.0,0.0,0.0,0.0,0.0,0.0,0.0,0.0,0.0,0.0
2022-12-18 22:00:00,0.0,0.0,0.0,0.0,0.0,0.0,0.0,0.0,0.0,0.0,0.0,0.0,0.0,0.0,0.0,0.0,0.0,0.0
2022-12-18 23:00:00,0.0,0.0,0.0,0.0,0.0,0.0,0.0,0.0,0.0,0.0,0.0,0.0,0.0,0.0,0.0,0.0,0.0,0.0
2022-12-19 00:00:00,0.0,0.0,0.0,0.0,0.0,0.0,0.0,0.0,0.0,0.0,0.0,0.0,0.0,0.0,0.0,0.0,0.0,0.0
2022-12-19 01:00:00,0.0,0.0,0.0,0.0,0.0,0.0,0.0,0.0,0.0,0.0,0.0,0.0,0.0,0.0,0.0,0.0,0.0,0.0
2022-12-19 02:00:00,0.0,0.0,0.0,0.0,0.0,0.0,0.0,0.0,0.0,0.0,0.0,0.0,0.0,0.0,0.0,0.0,0.0,0.0
2022-12-19 03:00:00,0.0,0.0,0.0,0.0,0.0,0.0,0.0,0.0,0.0,0.0,0.0,0.0,0.0,0.0,0.0,0.0,0.0,0.0
2022-12-19 04:00:00,0.0,0.0,0.0,0.0,0.0,0.0,0.0,0.0,0.0,0.0,0.0,0.0,0.0,0.0,0.0,0.0,0.0,0.0
2022-12-19 05:00:00,0.0,0.0,0.0,0.0,0.0,0.0,0.0,0.0,0.0,0.0,0.0,0.0,0.0,0.0,0.0,0.0,0.0,0.0
2022-12-19 06:00:00,0.0,0.0,0.0,0.0,0.0,0.0,0.0,0.0,0.0,0.0,0.0,0.0,0.0,0.0,0.0,0.0,0.0,0.0
2022-12-19 07:00:00,0.0,0.0,0.0,0.0,0.0,0.0,0.0,0.0,0.0,0.0,0.0,0.0,0.0,0.0,0.0,0.0,0.0,0.0
2022-12-19 08:00:00,0.0,0.0,0.0,0.0,0.0,0.0,0.0,0.0,0.0,0.0,0.0,0.0,0.0,0.0,0.0,0.0,0.0,0.0
2022-12-19 09:00:00,8.5,0.0,10.25,0.0,8.25,0.0,9.75,0.0,9.75,0.0,8.5,0.0,7.0,0.0,11.0,0.0,73.0,0.0
2022-12-19 10:00:00,77.5,24.382,99.25,0.0,73.5,0.0,85.25,0.0,97.0,0.0,117.75,0.0,123.0,0.0,128.5,0.0,801.75,211.0113
2022-12-19 11:00:00,77.75,0.0,70.0,0.0,71.25,0.0,66.75,0.0,78.25,0.0,69.75,0.0,72.5,0.0,69.0,0.0,575.25,1114.8931
2022-12-19 12:00:00,37.25,0.0,37.0,0.0,35.75,0.0,36.5,0.0,40.25,0.0,37.75,0.0,40.25,0.0,40.75,0.0,305.5,302.4737
2022-12-19 13:00:00,42.25,0.0,40.25,0.0,44.5,0.0,43.5,0.0,45.5,0.0,42.5,0.0,40.75,0.0,48.5,0.0,347.75,404.932
2022-12-19 14:00:00,25.5,0.0,25.5,0.0,27.75,0.0,26.25,0.0,29.5,0.0,25.75,0.0,29.0,0.0,32.5,0.0,221.75,167.5929
2022-12-19 15:00:00,34.0,0.0,30.0,0.0,31.25,0.0,32.0,0.0,32.5,0.0,30.75,0.0,32.0,0.0,34.25,0.0,256.75,188.0872
2022-12-19 16:00:00,27.5,0.0,26.0,0.0,29.0,0.0,26.5,0.0,31.75,0.0,27.0,0.0,28.75,0.0,31.0,0.0,227.5,321.2568
2022-12-19 17:00:00,2.25,0.0,2.5,0.0,3.0,0.0,1.75,0.0,3.25,0.0,2.25,0.0,3.25,0.0,5.5,0.0,23.75,66.3342
2022-12-19 18:00:00,0.0,0.0,0.0,0.0,0.0,0.0,0.0,0.0,0.0,0.0,0.0,0.0,0.0,0.0,0.0,0.0,0.0,0.0
2022-12-19 19:00:00,0.0,0.0,0.0,0.0,0.0,0.0,0.0,0.0,0.0,0.0,0.0,0.0,0.0,0.0,0.0,0.0,0.0,0.0
2022-12-19 20:00:00,0.0,0.0,0.0,0.0,0.0,0.0,0.0,0.0,0.0,0.0,0.0,0.0,0.0,0.0,0.0,0.0,0.0,0.0
2022-12-19 21:00:00,0.0,0.0,0.0,0.0,0.0,0.0,0.0,0.0,0.0,0.0,0.0,0.0,0.0,0.0,0.0,0.0,0.0,0.0
2022-12-19 22:00:00,0.0,0.0,0.0,0.0,0.0,0.0,0.0,0.0,0.0,0.0,0.0,0.0,0.0,0.0,0.0,0.0,0.0,0.0
2022-12-19 23:00:00,0.0,0.0,0.0,0.0,0.0,0.0,0.0,0.0,0.0,0.0,0.0,0.0,0.0,0.0,0.0,0.0,0.0,0.0
2022-12-20 00:00:00,0.0,0.0,0.0,0.0,0.0,0.0,0.0,0.0,0.0,0.0,0.0,0.0,0.0,0.0,0.0,0.0,0.0,0.0
2022-12-20 01:00:00,0.0,0.0,0.0,0.0,0.0,0.0,0.0,0.0,0.0,0.0,0.0,0.0,0.0,0.0,0.0,0.0,0.0,0.0
2022-12-20 02:00:00,0.0,0.0,0.0,0.0,0.0,0.0,0.0,0.0,0.0,0.0,0.0,0.0,0.0,0.0,0.0,0.0,0.0,0.0
2022-12-20 03:00:00,0.0,0.0,0.0,0.0,0.0,0.0,0.0,0.0,0.0,0.0,0.0,0.0,0.0,0.0,0.0,0.0,0.0,0.0
2022-12-20 04:00:00,0.0,0.0,0.0,0.0,0.0,0.0,0.0,0.0,0.0,0.0,0.0,0.0,0.0,0.0,0.0,0.0,0.0,0.0
2022-12-20 05:00:00,0.0,0.0,0.0,0.0,0.0,0.0,0.0,0.0,0.0,0.0,0.0,0.0,0.0,0.0,0.0,0.0,0.0,0.0
2022-12-20 06:00:00,0.0,0.0,0.0,0.0,0.0,0.0,0.0,0.0,0.0,0.0,0.0,0.0,0.0,0.0,0.0,0.0,0.0,0.0
2022-12-20 07:00:00,0.0,0.0,0.0,0.0,0.0,0.0,0.0,0.0,0.0,0.0,0.0,0.0,0.0,0.0,0.0,0.0,0.0,0.0
2022-12-20 08:00:00,0.0,0.0,0.0,0.0,0.0,0.0,0.0,0.0,0.0,0.0,0.0,0.0,0.0,0.0,0.0,0.0,0.0,0.0
2022-12-20 09:00:00,0.25,0.0,0.25,0.0,0.75,0.0,0.0,0.0,0.5,0.0,0.0,0.0,0.5,0.0,1.5,0.0,0.0,0.0
2022-12-20 10:00:00,7.25,0.0,6.5,2.243,6.75,0.0,5.0,0.0,9.0,0.0,6.25,0.0,8.25,0.0,10.25,0.0,59.25,37.8376
2022-12-20 11:00:00,33.25,0.0,34.5,0.0,33.0,0.0,34.75,0.0,35.5,0.0,33.75,0.0,34.75,0.0,37.5,0.0,277.0,486.9692
2022-12-20 12:00:00,12.5,0.0,12.25,0.0,13.25,0.0,11.75,0.0,15.25,0.0,12.25,0.0,11.5,0.0,17.0,0.0,105.75,63.6119
2022-12-20 13:00:00,35.0,0.0,35.0,0.0,34.75,0.0,35.25,0.0,36.25,0.0,37.0,0.0,39.0,0.0,38.75,0.0,291.0,377.7121
2022-12-20 14:00:00,31.75,0.0,29.75,0.0,31.5,0.0,30.75,0.0,33.75,0.0,30.25,0.0,30.75,0.0,35.5,0.0,254.0,221.7466
2022-12-20 15:00:00,130.75,0.0,128.25,0.0,128.0,0.0,126.5,0.0,131.75,0.0,127.75,0.0,128.5,187.8,120.25,0.0,1021.75,1425.5204
2022-12-20 16:00:00,26.75,0.0,25.75,0.0,27.5,0.0,25.5,0.0,28.5,0.0,27.0,0.0,27.25,0.0,30.25,0.0,218.5,391.063
2022-12-20 17:00:00,0.75,0.0,1.5,0.0,1.0,0.0,0.75,0.0,2.25,0.0,1.25,0.0,1.0,0.0,2.0,0.0,10.5,59.7447
2022-12-20 18:00:00,0.0,0.0,0.0,0.0,0.0,0.0,0.0,0.0,0.0,0.0,0.0,0.0,0.0,0.0,0.0,0.0,0.0,0.0
2022-12-20 19:00:00,0.0,0.0,0.0,0.0,0.0,0.0,0.0,0.0,0.0,0.0,0.0,0.0,0.0,0.0,0.0,0.0,0.0,0.0
2022-12-20 20:00:00,0.0,0.0,0.0,0.0,0.0,0.0,0.0,0.0,0.0,0.0,0.0,0.0,0.0,0.0,0.0,0.0,0.0,0.0
2022-12-20 21:00:00,0.0,0.0,0.0,0.0,0.0,0.0,0.0,0.0,0.0,0.0,0.0,0.0,0.0,0.0,0.0,0.0,0.0,0.0
2022-12-20 22:00:00,0.0,0.0,0.0,0.0,0.0,0.0,0.0,0.0,0.0,0.0,0.0,0.0,0.0,0.0,0.0,0.0,0.0,0.0
2022-12-20 23:00:00,0.0,0.0,0.0,0.0,0.0,0.0,0.0,0.0,0.0,0.0,0.0,0.0,0.0,0.0,0.0,0.0,0.0,0.0
2022-12-21 00:00:00,0.0,0.0,0.0,0.0,0.0,0.0,0.0,0.0,0.0,0.0,0.0,0.0,0.0,0.0,0.0,0.0,0.0,0.0
2022-12-21 01:00:00,0.0,0.0,0.0,0.0,0.0,0.0,0.0,0.0,0.0,0.0,0.0,0.0,0.0,0.0,0.0,0.0,0.0,0.0
2022-12-21 02:00:00,0.0,0.0,0.0,0.0,0.0,0.0,0.0,0.0,0.0,0.0,0.0,0.0,0.0,0.0,0.0,0.0,0.0,0.0
2022-12-21 03:00:00,0.0,0.0,0.0,0.0,0.0,0.0,0.0,0.0,0.0,0.0,0.0,0.0,0.0,0.0,0.0,0.0,0.0,0.0
2022-12-21 04:00:00,0.0,0.0,0.0,0.0,0.0,0.0,0.0,0.0,0.0,0.0,0.0,0.0,0.0,0.0,0.0,0.0,0.0,0.0
2022-12-21 05:00:00,0.0,0.0,0.0,0.0,0.0,0.0,0.0,0.0,0.0,0.0,0.0,0.0,0.0,0.0,0.0,0.0,0.0,0.0
2022-12-21 06:00:00,0.0,0.0,0.0,0.0,0.0,0.0,0.0,0.0,0.0,0.0,0.0,0.0,0.0,0.0,0.0,0.0,0.0,0.0
2022-12-21 07:00:00,0.0,0.0,0.0,0.0,0.0,0.0,0.0,0.0,0.0,0.0,0.0,0.0,0.0,0.0,0.0,0.0,0.0,0.0
2022-12-21 08:00:00,0.0,0.0,0.0,0.0,0.0,0.0,0.0,0.0,0.0,0.0,0.0,0.0,0.0,0.0,0.0,0.0,0.0,0.0
2022-12-21 09:00:00,6.25,0.0,5.0,0.0,6.75,0.0,6.25,0.0,7.0,0.0,5.75,0.0,6.75,0.0,7.75,0.0,0.0,0.0
2022-12-21 10:00:00,18.25,0.0,21.0,0.0,18.75,0.0,19.5,0.0,21.5,0.0,20.75,0.0,19.5,0.0,22.5,0.0,161.75,118.1401
2022-12-21 11:00:00,31.25,0.0,30.25,0.0,30.25,0.0,32.0,0.0,31.0,0.0,31.25,0.0,33.5,0.0,36.75,0.0,256.25,211.8143
2022-12-21 12:00:00,38.5,0.0,40.25,0.0,40.5,0.0,38.75,0.0,42.75,0.0,40.0,0.0,38.75,0.0,39.25,0.0,318.75,325.1605
2022-12-21 13:00:00,46.25,0.0,43.75,0.0,44.75,0.0,45.5,0.0,49.5,0.0,45.25,0.0,48.25,0.0,52.0,0.0,375.25,432.474
2022-12-21 14:00:00,44.0,0.0,44.5,0.0,43.75,0.0,45.0,0.0,46.5,0.0,47.0,0.0,44.25,0.0,47.5,0.0,362.5,272.3093
2022-12-21 15:00:00,26.25,0.0,24.75,0.0,27.5,0.0,24.0,0.0,27.0,0.0,22.75,0.0,26.5,0.0,28.75,0.0,207.5,268.5601
2022-12-21 16:00:00,39.25,0.0,36.75,0.0,39.75,0.0,38.25,0.0,39.5,0.0,37.25,0.0,36.5,0.0,43.75,0.0,311.0,142.1517
2022-12-21 17:00:00,9.0,0.0,7.0,0.0,10.25,0.0,7.75,0.0,14.75,0.0,11.75,0.0,15.25,0.0,11.75,0.0,87.5,268.0952
2022-12-21 18:00:00,0.0,0.0,0.0,0.0,0.0,0.0,0.0,0.0,0.0,0.0,0.0,0.0,0.0,0.0,0.0,0.0,0.0,0.0
2022-12-21 19:00:00,0.0,0.0,0.0,0.0,0.0,0.0,0.0,0.0,0.0,0.0,0.0,0.0,0.0,0.0,0.0,0.0,0.0,0.0
2022-12-21 20:00:00,0.0,0.0,0.0,0.0,0.0,0.0,0.0,0.0,0.0,0.0,0.0,0.0,0.0,0.0,0.0,0.0,0.0,0.0
2022-12-21 21:00:00,0.0,0.0,0.0,0.0,0.0,0.0,0.0,0.0,0.0,0.0,0.0,0.0,0.0,0.0,0.0,0.0,0.0,0.0
2022-12-21 22:00:00,0.0,0.0,0.0,0.0,0.0,0.0,0.0,0.0,0.0,0.0,0.0,0.0,0.0,0.0,0.0,0.0,0.0,0.0
2022-12-21 23:00:00,0.0,0.0,0.0,0.0,0.0,0.0,0.0,0.0,0.0,0.0,0.0,0.0,0.0,0.0,0.0,0.0,0.0,0.0
2022-12-22 00:00:00,0.0,0.0,0.0,0.0,0.0,0.0,0.0,0.0,0.0,0.0,0.0,0.0,0.0,0.0,0.0,0.0,0.0,0.0
2022-12-22 01:00:00,0.0,0.0,0.0,0.0,0.0,0.0,0.0,0.0,0.0,0.0,0.0,0.0,0.0,0.0,0.0,0.0,0.0,0.0
2022-12-22 02:00:00,0.0,0.0,0.0,0.0,0.0,0.0,0.0,0.0,0.0,0.0,0.0,0.0,0.0,0.0,0.0,0.0,0.0,0.0
2022-12-22 03:00:00,0.0,0.0,0.0,0.0,0.0,0.0,0.0,0.0,0.0,0.0,0.0,0.0,0.0,0.0,0.0,0.0,0.0,0.0
2022-12-22 04:00:00,0.0,0.0,0.0,0.0,0.0,0.0,0.0,0.0,0.0,0.0,0.0,0.0,0.0,0.0,0.0,0.0,0.0,0.0
2022-12-22 05:00:00,0.0,0.0,0.0,0.0,0.0,0.0,0.0,0.0,0.0,0.0,0.0,0.0,0.0,0.0,0.0,0.0,0.0,0.0
2022-12-22 06:00:00,0.0,0.0,0.0,0.0,0.0,0.0,0.0,0.0,0.0,0.0,0.0,0.0,0.0,0.0,0.0,0.0,0.0,0.0
2022-12-22 07:00:00,0.0,0.0,0.0,0.0,0.0,0.0,0.0,0.0,0.0,0.0,0.0,0.0,0.0,0.0,0.0,0.0,0.0,0.0
2022-12-22 08:00:00,0.0,0.0,0.0,0.0,0.0,0.0,0.0,0.0,0.0,0.0,0.0,0.0,0.0,0.0,0.0,0.0,0.0,0.0
2022-12-22 09:00:00,8.0,0.0,10.25,0.0,7.5,0.0,8.75,0.0,8.5,0.0,7.75,0.0,7.75,0.0,9.5,0.0,68.0,3.782
2022-12-22 10:00:00,26.5,0.0,28.75,0.0,26.5,0.0,27.5,0.0,30.25,0.0,31.0,0.0,32.0,0.0,33.0,0.0,235.5,188.6384
2022-12-22 11:00:00,24.0,0.0,23.75,0.0,24.0,0.0,23.5,0.0,26.5,0.0,24.5,0.0,24.5,0.0,28.0,0.0,198.75,172.5078
2022-12-22 12:00:00,45.0,0.0,45.5,0.0,44.0,0.0,44.75,0.0,49.0,0.0,44.5,0.0,47.5,0.0,50.0,0.0,370.25,297.487
2022-12-22 13:00:00,40.75,0.0,40.75,0.0,43.5,0.0,42.0,0.0,44.75,0.0,43.5,0.0,39.25,0.0,46.25,0.0,340.75,298.8683
2022-12-22 14:00:00,100.75,0.0,103.0,0.0,100.25,0.0,97.75,0.0,103.0,0.0,97.25,0.0,96.75,0.0,103.25,0.0,802.0,704.3683
2022-12-22 15:00:00,72.25,0.0,67.25,0.0,66.25,0.0,70.0,0.0,67.25,0.0,66.75,0.0,70.0,0.0,68.25,0.0,548.0,517.2128
2022-12-22 16:00:00,60.0,0.0,53.25,0.0,58.75,0.0,54.0,0.0,59.0,0.0,53.75,0.0,56.25,0.0,57.0,0.0,452.0,407.4597
2022-12-22 17:00:00,11.75,0.0,11.5,0.0,14.25,0.0,11.75,0.0,21.5,0.0,19.75,0.0,18.25,0.0,23.0,0.0,131.75,289.8918
2022-12-22 18:00:00,0.0,0.0,0.0,0.0,0.0,0.0,0.0,0.0,0.0,0.0,0.0,0.0,0.0,0.0,0.0,0.0,0.0,0.0
2022-12-22 19:00:00,0.0,0.0,0.0,0.0,0.0,0.0,0.0,0.0,0.0,0.0,0.0,0.0,0.0,0.0,0.0,0.0,0.0,0.0
2022-12-22 20:00:00,0.0,0.0,0.0,0.0,0.0,0.0,0.0,0.0,0.0,0.0,0.0,0.0,0.0,0.0,0.0,0.0,0.0,0.0
2022-12-22 21:00:00,0.0,0.0,0.0,0.0,0.0,0.0,0.0,0.0,0.0,0.0,0.0,0.0,0.0,0.0,0.0,0.0,0.0,0.0
2022-12-22 22:00:00,0.0,0.0,0.0,0.0,0.0,0.0,0.0,0.0,0.0,0.0,0.0,0.0,0.0,0.0,0.0,0.0,0.0,0.0
2022-12-22 23:00:00,0.0,0.0,0.0,0.0,0.0,0.0,0.0,0.0,0.0,0.0,0.0,0.0,0.0,0.0,0.0,0.0,0.0,0.0
2022-12-23 00:00:00,0.0,0.0,0.0,0.0,0.0,0.0,0.0,0.0,0.0,0.0,0.0,0.0,0.0,0.0,0.0,0.0,0.0,0.0
2022-12-23 01:00:00,0.0,0.0,0.0,0.0,0.0,0.0,0.0,0.0,0.0,0.0,0.0,0.0,0.0,0.0,0.0,0.0,0.0,0.0
2022-12-23 02:00:00,0.0,0.0,0.0,0.0,0.0,0.0,0.0,0.0,0.0,0.0,0.0,0.0,0.0,0.0,0.0,0.0,0.0,0.0
2022-12-23 03:00:00,0.0,0.0,0.0,0.0,0.0,0.0,0.0,0.0,0.0,0.0,0.0,0.0,0.0,0.0,0.0,0.0,0.0,0.0
2022-12-23 04:00:00,0.0,0.0,0.0,0.0,0.0,0.0,0.0,0.0,0.0,0.0,0.0,0.0,0.0,0.0,0.0,0.0,0.0,0.0
2022-12-23 05:00:00,0.0,0.0,0.0,0.0,0.0,0.0,0.0,0.0,0.0,0.0,0.0,0.0,0.0,0.0,0.0,0.0,0.0,0.0
2022-12-23 06:00:00,0.0,0.0,0.0,0.0,0.0,0.0,0.0,0.0,0.0,0.0,0.0,0.0,0.0,0.0,0.0,0.0,0.0,0.0
2022-12-23 07:00:00,0.0,0.0,0.0,0.0,0.0,0.0,0.0,0.0,0.0,0.0,0.0,0.0,0.0,0.0,0.0,0.0,0.0,0.0
2022-12-23 08:00:00,0.0,0.0,0.0,0.0,0.0,0.0,0.0,0.0,0.0,0.0,0.0,0.0,0.0,0.0,0.0,0.0,0.0,0.0
2022-12-23 09:00:00,10.25,0.0,11.5,0.0,10.75,0.0,10.0,0.0,10.5,0.0,8.75,0.0,10.75,0.0,11.75,0.0,84.25,3.6125
2022-12-23 10:00:00,49.5,0.0,58.0,0.0,52.5,0.0,44.25,0.0,59.0,0.0,63.75,0.0,57.5,0.0,56.25,0.0,440.75,171.3391
2022-12-23 11:00:00,51.75,0.0,53.0,0.0,46.0,0.0,55.75,0.0,55.0,0.0,50.0,0.0,53.0,0.0,59.0,0.0,423.5,674.6727
2022-12-23 12:00:00,41.75,0.0,41.25,0.0,39.25,0.0,45.75,0.0,44.75,0.0,41.75,0.0,44.0,0.0,44.0,0.0,342.5,193.1913
2022-12-23 13:00:00,53.75,0.0,53.5,0.0,54.5,0.0,47.25,0.0,56.25,0.0,52.75,0.0,53.5,0.0,61.0,0.0,432.5,412.8576
2022-12-23 14:00:00,68.75,0.0,62.75,0.0,64.25,0.0,60.0,0.0,68.5,0.0,65.0,0.0,64.75,0.0,58.0,0.0,512.0,403.5462
2022-12-23 15:00:00,79.5,0.0,79.25,0.0,81.0,0.0,82.75,0.0,78.0,0.0,77.75,0.0,77.25,0.0,86.5,0.0,642.0,1080.1447
2022-12-23 16:00:00,16.75,0.0,14.25,0.0,15.0,0.0,13.75,0.0,19.25,0.0,14.5,0.0,14.5,0.0,20.5,0.0,128.5,142.0975
2022-12-23 17:00:00,0.5,0.0,1.0,0.0,1.5,0.0,2.25,0.0,2.0,0.0,0.5,0.0,2.5,0.0,1.25,0.0,11.5,54.9689
2022-12-23 18:00:00,0.0,0.0,0.0,0.0,0.0,0.0,0.0,0.0,0.0,0.0,0.0,0.0,0.0,0.0,0.0,0.0,0.0,0.0
2022-12-23 19:00:00,0.0,0.0,0.0,0.0,0.0,0.0,0.0,0.0,0.0,0.0,0.0,0.0,0.0,0.0,0.0,0.0,0.0,0.0
2022-12-23 20:00:00,0.0,0.0,0.0,0.0,0.0,0.0,0.0,0.0,0.0,0.0,0.0,0.0,0.0,0.0,0.0,0.0,0.0,0.0
2022-12-23 21:00:00,0.0,0.0,0.0,0.0,0.0,0.0,0.0,0.0,0.0,0.0,0.0,0.0,0.0,0.0,0.0,0.0,0.0,0.0
2022-12-23 22:00:00,0.0,0.0,0.0,0.0,0.0,0.0,0.0,0.0,0.0,0.0,0.0,0.0,0.0,0.0,0.0,0.0,0.0,0.0
2022-12-23 23:00:00,0.0,0.0,0.0,0.0,0.0,0.0,0.0,0.0,0.0,0.0,0.0,0.0,0.0,0.0,0.0,0.0,0.0,0.0
2022-12-24 00:00:00,0.0,0.0,0.0,0.0,0.0,0.0,0.0,0.0,0.0,0.0,0.0,0.0,0.0,0.0,0.0,0.0,0.0,0.0
2022-12-24 01:00:00,0.0,0.0,0.0,0.0,0.0,0.0,0.0,0.0,0.0,0.0,0.0,0.0,0.0,0.0,0.0,0.0,0.0,0.0
2022-12-24 02:00:00,0.0,0.0,0.0,0.0,0.0,0.0,0.0,0.0,0.0,0.0,0.0,0.0,0.0,0.0,0.0,0.0,0.0,0.0
2022-12-24 03:00:00,0.0,0.0,0.0,0.0,0.0,0.0,0.0,0.0,0.0,0.0,0.0,0.0,0.0,0.0,0.0,0.0,0.0,0.0
2022-12-24 04:00:00,0.0,0.0,0.0,0.0,0.0,0.0,0.0,0.0,0.0,0.0,0.0,0.0,0.0,0.0,0.0,0.0,0.0,0.0
2022-12-24 05:00:00,0.0,0.0,0.0,0.0,0.0,0.0,0.0,0.0,0.0,0.0,0.0,0.0,0.0,0.0,0.0,0.0,0.0,0.0
2022-12-24 06:00:00,0.0,0.0,0.0,0.0,0.0,0.0,0.0,0.0,0.0,0.0,0.0,0.0,0.0,0.0,0.0,0.0,0.0,0.0
2022-12-24 07:00:00,0.0,0.0,0.0,0.0,0.0,0.0,0.0,0.0,0.0,0.0,0.0,0.0,0.0,0.0,0.0,0.0,0.0,0.0
2022-12-24 08:00:00,0.0,0.0,0.0,0.0,0.0,0.0,0.0,0.0,0.0,0.0,0.0,0.0,0.0,0.0,0.0,0.0,0.0,0.0
2022-12-24 09:00:00,16.5,0.0,20.75,0.0,16.0,0.0,18.0,0.0,16.25,0.0,14.75,0.0,13.75,0.0,14.75,0.0,130.75,39.8509
2022-12-24 10:00:00,71.5,0.0,85.5,0.0,63.25,0.0,68.75,0.0,83.0,0.0,91.75,0.0,99.5,0.0,84.5,0.0,647.75,263.2098
2022-12-24 11:00:00,104.25,0.0,119.25,0.0,122.0,0.0,127.75,0.0,129.75,0.0,129.75,0.0,128.5,0.0,151.5,0.0,1012.75,935.5841
2022-12-24 12:00:00,74.75,0.0,64.0,0.0,46.25,0.0,66.0,0.0,64.0,0.0,70.25,0.0,65.75,0.0,60.0,0.0,511.0,582.7537
2022-12-24 13:00:00,79.5,0.0,86.25,0.0,106.5,0.0,90.5,0.0,98.0,0.0,81.0,0.0,89.25,0.0,96.5,0.0,727.5,543.5948
2022-12-24 14:00:00,76.0,0.0,69.25,0.0,63.0,0.0,62.25,0.0,66.75,0.0,71.25,0.0,63.25,0.0,68.0,0.0,539.75,605.352
2022-12-24 15:00:00,50.75,0.0,49.5,0.0,49.75,0.0,47.75,0.0,53.25,0.0,49.25,0.0,50.25,0.0,55.0,0.0,405.5,690.9375
2022-12-24 16:00:00,4.5,0.0,5.25,0.0,5.5,0.0,4.0,0.0,5.75,0.0,2.75,0.0,5.5,0.0,7.5,0.0,40.75,79.9904
2022-12-24 17:00:00,0.0,0.0,0.0,0.0,0.0,0.0,0.0,0.0,0.0,0.0,0.0,0.0,0.0,0.0,0.0,0.0,0.0,0.0
2022-12-24 18:00:00,0.0,0.0,0.0,0.0,0.0,0.0,0.0,0.0,0.0,0.0,0.0,0.0,0.0,0.0,0.0,0.0,0.0,0.0
2022-12-24 19:00:00,0.0,0.0,0.0,0.0,0.0,0.0,0.0,0.0,0.0,0.0,0.0,0.0,0.0,0.0,0.0,0.0,0.0,0.0
2022-12-24 20:00:00,0.0,0.0,0.0,0.0,0.0,0.0,0.0,0.0,0.0,0.0,0.0,0.0,0.0,0.0,0.0,0.0,0.0,0.0
2022-12-24 21:00:00,0.0,0.0,0.0,0.0,0.0,0.0,0.0,0.0,0.0,0.0,0.0,0.0,0.0,0.0,0.0,0.0,0.0,0.0
2022-12-24 22:00:00,0.0,0.0,0.0,0.0,0.0,0.0,0.0,0.0,0.0,0.0,0.0,0.0,0.0,0.0,0.0,0.0,0.0,0.0
2022-12-24 23:00:00,0.0,0.0,0.0,0.0,0.0,0.0,0.0,0.0,0.0,0.0,0.0,0.0,0.0,0.0,0.0,0.0,0.0,0.0
2022-12-25 00:00:00,0.0,0.0,0.0,0.0,0.0,0.0,0.0,0.0,0.0,0.0,0.0,0.0,0.0,0.0,0.0,0.0,0.0,0.0
2022-12-25 01:00:00,0.0,0.0,0.0,0.0,0.0,0.0,0.0,0.0,0.0,0.0,0.0,0.0,0.0,0.0,0.0,0.0,0.0,0.0
2022-12-25 02:00:00,0.0,0.0,0.0,0.0,0.0,0.0,0.0,0.0,0.0,0.0,0.0,0.0,0.0,0.0,0.0,0.0,0.0,0.0
2022-12-25 03:00:00,0.0,0.0,0.0,0.0,0.0,0.0,0.0,0.0,0.0,0.0,0.0,0.0,0.0,0.0,0.0,0.0,0.0,0.0
2022-12-25 04:00:00,0.0,0.0,0.0,0.0,0.0,0.0,0.0,0.0,0.0,0.0,0.0,0.0,0.0,0.0,0.0,0.0,0.0,0.0
2022-12-25 05:00:00,0.0,0.0,0.0,0.0,0.0,0.0,0.0,0.0,0.0,0.0,0.0,0.0,0.0,0.0,0.0,0.0,0.0,0.0
2022-12-25 06:00:00,0.0,0.0,0.0,0.0,0.0,0.0,0.0,0.0,0.0,0.0,0.0,0.0,0.0,0.0,0.0,0.0,0.0,0.0
2022-12-25 07:00:00,0.0,0.0,0.0,0.0,0.0,0.0,0.0,0.0,0.0,0.0,0.0,0.0,0.0,0.0,0.0,0.0,0.0,0.0
2022-12-25 08:00:00,0.0,0.0,0.0,0.0,0.0,0.0,0.0,0.0,0.0,0.0,0.0,0.0,0.0,0.0,0.0,0.0,0.0,0.0
2022-12-25 09:00:00,2.75,0.0,2.5,0.0,2.5,0.0,2.75,0.0,1.5,0.0,2.75,0.0,2.75,0.0,3.5,0.0,0.0,0.0
2022-12-25 10:00:00,11.5,0.0,10.75,0.0,11.25,0.0,12.0,0.0,14.75,0.0,10.25,0.0,12.25,0.0,14.25,0.0,97.0,84.6847
2022-12-25 11:00:00,63.0,0.0,71.0,0.0,67.75,0.0,72.0,0.0,74.5,0.0,70.75,0.0,68.5,0.0,76.0,0.0,563.5,231.3749
2022-12-25 12:00:00,29.25,0.0,27.5,0.0,29.25,0.0,26.5,0.0,28.25,0.0,29.25,0.0,33.25,0.0,31.5,0.0,234.75,183.4025
2022-12-25 13:00:00,52.75,0.0,53.0,0.0,53.5,0.0,52.0,0.0,56.0,0.0,55.5,0.0,51.0,0.0,52.25,0.0,426.0,425.1156
2022-12-25 14:00:00,60.0,0.0,53.75,0.0,56.25,0.0,56.0,0.0,64.0,0.0,54.5,0.0,61.5,0.0,67.5,0.0,473.5,609.5446
2022-12-25 15:00:00,43.75,0.0,45.0,0.0,45.75,0.0,44.0,0.0,46.0,0.0,47.25,0.0,43.75,0.0,47.0,0.0,362.5,472.6768
2022-12-25 16:00:00,9.0,0.0,8.25,0.0,9.0,0.0,7.0,0.0,8.5,0.0,7.25,0.0,10.25,0.0,11.5,0.0,70.75,92.8122
2022-12-25 17:00:00,2.5,0.0,2.0,0.0,2.5,0.0,1.5,0.0,4.5,0.0,2.25,0.0,2.25,0.0,3.25,0.0,20.75,74.087
2022-12-25 18:00:00,0.0,0.0,0.0,0.0,0.0,0.0,0.0,0.0,0.0,0.0,0.0,0.0,0.0,0.0,0.0,0.0,0.0,0.0
2022-12-25 19:00:00,0.0,0.0,0.0,0.0,0.0,0.0,0.0,0.0,0.0,0.0,0.0,0.0,0.0,0.0,0.0,0.0,0.0,0.0
2022-12-25 20:00:00,0.0,0.0,0.0,0.0,0.0,0.0,0.0,0.0,0.0,0.0,0.0,0.0,0.0,0.0,0.0,0.0,0.0,0.0
2022-12-25 21:00:00,0.0,0.0,0.0,0.0,0.0,0.0,0.0,0.0,0.0,0.0,0.0,0.0,0.0,0.0,0.0,0.0,0.0,0.0
2022-12-25 22:00:00,0.0,0.0,0.0,0.0,0.0,0.0,0.0,0.0,0.0,0.0,0.0,0.0,0.0,0.0,0.0,0.0,0.0,0.0
2022-12-25 23:00:00,0.0,0.0,0.0,0.0,0.0,0.0,0.0,0.0,0.0,0.0,0.0,0.0,0.0,0.0,0.0,0.0,0.0,0.0
2022-12-26 00:00:00,0.0,0.0,0.0,0.0,0.0,0.0,0.0,0.0,0.0,0.0,0.0,0.0,0.0,0.0,0.0,0.0,0.0,0.0
2022-12-26 01:00:00,0.0,0.0,0.0,0.0,0.0,0.0,0.0,0.0,0.0,0.0,0.0,0.0,0.0,0.0,0.0,0.0,0.0,0.0
2022-12-26 02:00:00,0.0,0.0,0.0,0.0,0.0,0.0,0.0,0.0,0.0,0.0,0.0,0.0,0.0,0.0,0.0,0.0,0.0,0.0
2022-12-26 03:00:00,0.0,0.0,0.0,0.0,0.0,0.0,0.0,0.0,0.0,0.0,0.0,0.0,0.0,0.0,0.0,0.0,0.0,0.0
2022-12-26 04:00:00,0.0,0.0,0.0,0.0,0.0,0.0,0.0,0.0,0.0,0.0,0.0,0.0,0.0,0.0,0.0,0.0,0.0,0.0
2022-12-26 05:00:00,0.0,0.0,0.0,0.0,0.0,0.0,0.0,0.0,0.0,0.0,0.0,0.0,0.0,0.0,0.0,0.0,0.0,0.0
2022-12-26 06:00:00,0.0,0.0,0.0,0.0,0.0,0.0,0.0,0.0,0.0,0.0,0.0,0.0,0.0,0.0,0.0,0.0,0.0,0.0
2022-12-26 07:00:00,0.0,0.0,0.0,0.0,0.0,0.0,0.0,0.0,0.0,0.0,0.0,0.0,0.0,0.0,0.0,0.0,0.0,0.0
2022-12-26 08:00:00,0.0,0.0,0.0,0.0,0.0,0.0,0.0,0.0,0.0,0.0,0.0,0.0,0.0,0.0,0.0,0.0,0.0,0.0
2022-12-26 09:00:00,5.25,0.0,7.5,0.0,7.25,0.0,7.0,0.0,6.25,0.0,6.25,0.0,3.0,0.0,5.5,0.0,0.0,0.0
2022-12-26 10:00:00,20.5,0.0,17.75,0.0,18.0,0.0,19.5,0.0,23.25,0.0,19.25,0.0,24.75,0.0,25.0,0.0,168.0,136.5658
2022-12-26 11:00:00,56.25,0.0,61.75,0.0,58.5,0.0,59.25,0.0,59.25,0.0,55.5,0.0,57.0,0.0,62.25,0.0,469.75,540.3469
2022-12-26 12:00:00,89.75,0.0,88.75,0.0,85.25,0.0,74.5,0.0,85.75,0.0,91.0,0.0,77.25,0.0,82.0,0.0,674.25,703.602
2022-12-26 13:00:00,24.0,0.0,21.5,0.0,25.0,0.0,34.75,0.0,29.75,0.0,22.75,0.0,34.75,0.0,34.75,0.0,227.25,271.2322
2022-12-26 14:00:00,50.25,0.0,50.0,0.0,51.0,0.0,49.0,0.0,52.75,0.0,52.75,0.0,51.5,0.0,55.0,0.0,412.25,189.4803
2022-12-26 15:00:00,24.0,0.0,20.75,0.0,23.25,0.0,22.5,0.0,23.75,0.0,23.0,0.0,23.0,0.0,26.0,0.0,186.25,251.752
2022-12-26 16:00:00,7.75,0.0,9.25,0.0,9.5,0.0,6.25,0.0,11.25,0.0,7.75,0.0,10.75,0.0,12.75,0.0,75.25,95.8094
2022-12-26 17:00:00,0.0,0.0,0.0,0.0,0.0,0.0,0.0,0.0,0.25,0.0,0.0,0.0,0.0,0.0,0.25,0.0,0.5,8.543
2022-12-26 18:00:00,0.0,0.0,0.0,0.0,0.0,0.0,0.0,0.0,0.0,0.0,0.0,0.0,0.0,0.0,0.0,0.0,0.0,0.0
2022-12-26 19:00:00,0.0,0.0,0.0,0.0,0.0,0.0,0.0,0.0,0.0,0.0,0.0,0.0,0.0,0.0,0.0,0.0,0.0,0.0
2022-12-26 20:00:00,0.0,0.0,0.0,0.0,0.0,0.0,0.0,0.0,0.0,0.0,0.0,0.0,0.0,0.0,0.0,0.0,0.0,0.0
2022-12-26 21:00:00,0.0,0.0,0.0,0.0,0.0,0.0,0.0,0.0,0.0,0.0,0.0,0.0,0.0,0.0,0.0,0.0,0.0,0.0
2022-12-26 22:00:00,0.0,0.0,0.0,0.0,0.0,0.0,0.0,0.0,0.0,0.0,0.0,0.0,0.0,0.0,0.0,0.0,0.0,0.0
2022-12-26 23:00:00,0.0,0.0,0.0,0.0,0.0,0.0,0.0,0.0,0.0,0.0,0.0,0.0,0.0,0.0,0.0,0.0,0.0,0.0
2022-12-27 00:00:00,0.0,0.0,0.0,0.0,0.0,0.0,0.0,0.0,0.0,0.0,0.0,0.0,0.0,0.0,0.0,0.0,0.0,0.0
2022-12-27 01:00:00,0.0,0.0,0.0,0.0,0.0,0.0,0.0,0.0,0.0,0.0,0.0,0.0,0.0,0.0,0.0,0.0,0.0,0.0
2022-12-27 02:00:00,0.0,0.0,0.0,0.0,0.0,0.0,0.0,0.0,0.0,0.0,0.0,0.0,0.0,0.0,0.0,0.0,0.0,0.0
2022-12-27 03:00:00,0.0,0.0,0.0,0.0,0.0,0.0,0.0,0.0,0.0,0.0,0.0,0.0,0.0,0.0,0.0,0.0,0.0,0.0
2022-12-27 04:00:00,0.0,0.0,0.0,0.0,0.0,0.0,0.0,0.0,0.0,0.0,0.0,0.0,0.0,0.0,0.0,0.0,0.0,0.0
2022-12-27 05:00:00,0.0,0.0,0.0,0.0,0.0,0.0,0.0,0.0,0.0,0.0,0.0,0.0,0.0,0.0,0.0,0.0,0.0,0.0
2022-12-27 06:00:00,0.0,0.0,0.0,0.0,0.0,0.0,0.0,0.0,0.0,0.0,0.0,0.0,0.0,0.0,0.0,0.0,0.0,0.0
2022-12-27 07:00:00,0.0,0.0,0.0,0.0,0.0,0.0,0.0,0.0,0.0,0.0,0.0,0.0,0.0,0.0,0.0,0.0,0.0,0.0
2022-12-27 08:00:00,0.0,0.0,0.0,0.0,0.0,0.0,0.0,0.0,0.0,0.0,0.0,0.0,0.0,0.0,0.0,0.0,0.0,0.0
2022-12-27 09:00:00,14.25,0.0,18.5,0.0,12.0,0.0,13.5,0.0,12.5,0.0,11.5,0.0,12.25,0.0,13.75,0.0,108.25,2.8484
2022-12-27 10:00:00,38.25,0.0,40.25,0.0,40.5,0.0,35.25,0.0,40.25,0.0,38.25,0.0,38.75,0.0,39.75,0.0,311.25,135.5647
2022-12-27 11:00:00,83.25,0.0,91.25,0.0,88.75,0.0,94.25,0.0,80.75,0.0,88.25,0.0,88.25,0.0,92.75,0.0,707.5,338.97
2022-12-27 12:00:00,145.5,0.0,142.5,0.0,130.5,0.0,129.5,0.0,156.25,0.0,147.0,0.0,140.5,0.0,134.0,0.0,1125.75,1044.0621
2022-12-27 13:00:00,148.5,0.0,151.75,0.0,145.5,0.0,143.5,0.0,144.75,0.0,139.5,0.0,138.0,0.0,152.75,0.0,1164.25,1131.9569
2022-12-27 14:00:00,148.5,0.0,141.75,0.0,140.0,0.0,140.25,0.0,137.5,0.0,122.75,0.0,134.5,0.0,123.25,0.0,1088.5,1213.0264
2022-12-27 15:00:00,151.25,0.0,153.25,0.0,155.25,0.0,152.0,0.0,140.5,0.0,153.75,0.0,149.25,0.0,144.5,0.0,1199.75,1237.713
2022-12-27 16:00:00,146.75,0.0,139.75,0.0,131.0,0.0,134.0,0.0,149.0,0.0,129.75,0.0,122.25,0.0,143.5,0.0,1096.0,1153.9073
2022-12-27 17:00:00,21.0,0.0,18.25,0.0,31.75,0.0,27.75,0.0,36.25,0.0,42.5,0.0,39.0,0.0,33.75,0.0,250.25,530.6522
2022-12-27 18:00:00,0.0,0.0,0.0,0.0,0.0,0.0,0.0,0.0,0.0,0.0,0.0,0.0,0.0,0.0,0.0,0.0,0.0,0.0
2022-12-27 19:00:00,0.0,0.0,0.0,0.0,0.0,0.0,0.0,0.0,0.0,0.0,0.0,0.0,0.0,0.0,0.0,0.0,0.0,0.0
2022-12-27 20:00:00,0.0,0.0,0.0,0.0,0.0,0.0,0.0,0.0,0.0,0.0,0.0,0.0,0.0,0.0,0.0,0.0,0.0,0.0
2022-12-27 21:00:00,0.0,0.0,0.0,0.0,0.0,0.0,0.0,0.0,0.0,0.0,0.0,0.0,0.0,0.0,0.0,0.0,0.0,0.0
2022-12-27 22:00:00,0.0,0.0,0.0,0.0,0.0,0.0,0.0,0.0,0.0,0.0,0.0,0.0,0.0,0.0,0.0,0.0,0.0,0.0
2022-12-27 23:00:00,0.0,0.0,0.0,0.0,0.0,0.0,0.0,0.0,0.0,0.0,0.0,0.0,0.0,0.0,0.0,0.0,0.0,0.0
2022-12-28 00:00:00,0.0,0.0,0.0,0.0,0.0,0.0,0.0,0.0,0.0,0.0,0.0,0.0,0.0,0.0,0.0,0.0,0.0,0.0
2022-12-28 01:00:00,0.0,0.0,0.0,0.0,0.0,0.0,0.0,0.0,0.0,0.0,0.0,0.0,0.0,0.0,0.0,0.0,0.0,0.0
2022-12-28 02:00:00,0.0,0.0,0.0,0.0,0.0,0.0,0.0,0.0,0.0,0.0,0.0,0.0,0.0,0.0,0.0,0.0,0.0,0.0
2022-12-28 03:00:00,0.0,0.0,0.0,0.0,0.0,0.0,0.0,0.0,0.0,0.0,0.0,0.0,0.0,0.0,0.0,0.0,0.0,0.0
2022-12-28 04:00:00,0.0,0.0,0.0,0.0,0.0,0.0,0.0,0.0,0.0,0.0,0.0,0.0,0.0,0.0,0.0,0.0,0.0,0.0
2022-12-28 05:00:00,0.0,0.0,0.0,0.0,0.0,0.0,0.0,0.0,0.0,0.0,0.0,0.0,0.0,0.0,0.0,0.0,0.0,0.0
2022-12-28 06:00:00,0.0,0.0,0.0,0.0,0.0,0.0,0.0,0.0,0.0,0.0,0.0,0.0,0.0,0.0,0.0,0.0,0.0,0.0
2022-12-28 07:00:00,0.0,0.0,0.0,0.0,0.0,0.0,0.0,0.0,0.0,0.0,0.0,0.0,0.0,0.0,0.0,0.0,0.0,0.0
2022-12-28 08:00:00,0.0,0.0,0.0,0.0,0.0,0.0,0.0,0.0,0.0,0.0,0.0,0.0,0.0,0.0,0.0,0.0,0.0,0.0
2022-12-28 09:00:00,9.75,0.0,12.25,0.0,10.5,0.0,10.0,0.0,9.75,0.0,9.0,0.0,10.0,0.0,11.5,0.0,82.75,2.45
2022-12-28 10:00:00,41.0,0.0,45.75,0.0,45.75,0.0,46.25,0.0,46.25,0.0,50.5,0.0,44.5,0.0,44.75,0.0,364.75,168.3635
2022-12-28 11:00:00,36.25,0.0,38.25,0.0,33.0,0.0,34.75,0.0,39.25,0.0,36.0,0.0,38.0,0.0,43.0,0.0,298.5,521.7117
2022-12-28 12:00:00,15.5,0.0,15.5,0.0,15.75,0.0,17.75,0.0,18.75,0.0,16.5,0.0,17.5,0.0,21.5,0.0,138.75,159.5964
2022-12-28 13:00:00,14.5,0.0,16.0,0.0,16.75,0.0,15.0,0.0,17.25,0.0,16.0,0.0,16.5,0.0,17.75,0.0,129.75,116.4868
2022-12-28 14:00:00,27.0,0.0,24.5,0.0,29.25,0.0,26.0,0.0,28.25,0.0,28.75,0.0,29.0,0.0,27.75,0.0,220.5,216.7022
2022-12-28 15:00:00,15.25,0.0,14.75,0.0,16.0,0.0,14.5,0.0,17.75,0.0,16.0,0.0,16.5,0.0,22.5,0.0,133.25,148.7738
2022-12-28 16:00:00,24.0,0.0,14.5,0.0,13.25,0.0,10.0,0.0,15.5,0.0,20.75,0.0,10.75,0.0,20.25,0.0,129.0,72.9565
2022-12-28 17:00:00,22.0,0.0,20.0,0.0,41.5,0.0,35.0,0.0,45.25,0.0,39.25,0.0,47.25,0.0,45.25,0.0,295.5,751.3438
2022-12-28 18:00:00,0.0,0.0,0.0,0.0,0.0,0.0,0.0,0.0,0.0,0.0,0.0,0.0,0.0,0.0,0.0,0.0,0.0,0.0
2022-12-28 19:00:00,0.0,0.0,0.0,0.0,0.0,0.0,0.0,0.0,0.0,0.0,0.0,0.0,0.0,0.0,0.0,0.0,0.0,0.0
2022-12-28 20:00:00,0.0,0.0,0.0,0.0,0.0,0.0,0.0,0.0,0.0,0.0,0.0,0.0,0.0,0.0,0.0,0.0,0.0,0.0
2022-12-28 21:00:00,0.0,0.0,0.0,0.0,0.0,0.0,0.0,0.0,0.0,0.0,0.0,0.0,0.0,0.0,0.0,0.0,0.0,0.0
2022-12-28 22:00:00,0.0,0.0,0.0,0.0,0.0,0.0,0.0,0.0,0.0,0.0,0.0,0.0,0.0,0.0,0.0,0.0,0.0,0.0
2022-12-28 23:00:00,0.0,0.0,0.0,0.0,0.0,0.0,0.0,0.0,0.0,0.0,0.0,0.0,0.0,0.0,0.0,0.0,0.0,0.0
2022-12-29 00:00:00,0.0,0.0,0.0,0.0,0.0,0.0,0.0,0.0,0.0,0.0,0.0,0.0,0.0,0.0,0.0,0.0,0.0,0.0
2022-12-29 01:00:00,0.0,0.0,0.0,0.0,0.0,0.0,0.0,0.0,0.0,0.0,0.0,0.0,0.0,0.0,0.0,0.0,0.0,0.0
2022-12-29 02:00:00,0.0,0.0,0.0,0.0,0.0,0.0,0.0,0.0,0.0,0.0,0.0,0.0,0.0,0.0,0.0,0.0,0.0,0.0
2022-12-29 03:00:00,0.0,0.0,0.0,0.0,0.0,0.0,0.0,0.0,0.0,0.0,0.0,0.0,0.0,0.0,0.0,0.0,0.0,0.0
2022-12-29 04:00:00,0.0,0.0,0.0,0.0,0.0,0.0,0.0,0.0,0.0,0.0,0.0,0.0,0.0,0.0,0.0,0.0,0.0,0.0
2022-12-29 05:00:00,0.0,0.0,0.0,0.0,0.0,0.0,0.0,0.0,0.0,0.0,0.0,0.0,0.0,0.0,0.0,0.0,0.0,0.0
2022-12-29 06:00:00,0.0,0.0,0.0,0.0,0.0,0.0,0.0,0.0,0.0,0.0,0.0,0.0,0.0,0.0,0.0,0.0,0.0,0.0
2022-12-29 07:00:00,0.0,0.0,0.0,0.0,0.0,0.0,0.0,0.0,0.0,0.0,0.0,0.0,0.0,0.0,0.0,0.0,0.0,0.0
2022-12-29 08:00:00,0.0,0.0,0.0,0.0,0.0,0.0,0.0,0.0,0.0,0.0,0.0,0.0,0.0,0.0,0.0,0.0,0.0,0.0
2022-12-29 09:00:00,0.0,0.0,0.0,0.0,0.0,0.0,0.0,0.0,0.0,0.0,0.0,0.0,0.0,0.0,0.0,0.0,0.0,0.0
2022-12-29 10:00:00,0.5,0.0,0.75,0.0,1.25,0.0,0.0,0.0,1.0,0.0,0.0,0.0,1.5,0.0,2.5,0.0,7.5,2.2951
2022-12-29 11:00:00,15.0,0.0,15.0,0.0,13.5,0.0,15.25,0.0,15.0,0.0,15.0,0.0,14.75,0.0,17.25,0.0,120.75,80.4891
2022-12-29 12:00:00,35.25,0.0,37.25,0.0,35.75,0.0,36.75,0.0,40.25,0.0,39.75,0.0,39.5,0.0,44.25,0.0,308.75,195.3365
2022-12-29 13:00:00,46.0,0.0,44.0,0.0,48.25,0.0,44.5,0.0,49.0,0.0,47.0,0.0,47.25,0.0,48.0,0.0,374.0,465.5932
2022-12-29 14:00:00,29.75,0.0,28.5,0.0,30.5,0.0,30.25,0.0,33.25,0.0,30.75,0.0,32.75,0.0,35.0,0.0,250.75,327.6676
2022-12-29 15:00:00,18.75,0.0,17.5,0.0,20.5,0.0,19.0,0.0,21.0,0.0,19.5,0.0,19.0,0.0,23.25,0.0,158.5,261.5916
2022-12-29 16:00:00,2.75,0.0,3.5,0.0,2.75,0.0,1.0,0.0,3.75,0.0,1.0,0.0,5.25,0.0,5.75,0.0,25.75,42.7473
2022-12-29 17:00:00,0.0,0.0,0.0,0.0,0.5,0.0,0.0,0.0,0.75,0.0,0.25,0.0,0.25,0.0,0.75,0.0,2.5,18.3732
2022-12-29 18:00:00,0.0,0.0,0.0,0.0,0.0,0.0,0.0,0.0,0.0,0.0,0.0,0.0,0.0,0.0,0.0,0.0,0.0,0.0
2022-12-29 19:00:00,0.0,0.0,0.0,0.0,0.0,0.0,0.0,0.0,0.0,0.0,0.0,0.0,0.0,0.0,0.0,0.0,0.0,0.0
2022-12-29 20:00:00,0.0,0.0,0.0,0.0,0.0,0.0,0.0,0.0,0.0,0.0,0.0,0.0,0.0,0.0,0.0,0.0,0.0,0.0
2022-12-29 21:00:00,0.0,0.0,0.0,0.0,0.0,0.0,0.0,0.0,0.0,0.0,0.0,0.0,0.0,0.0,0.0,0.0,0.0,0.0
2022-12-29 22:00:00,0.0,0.0,0.0,0.0,0.0,0.0,0.0,0.0,0.0,0.0,0.0,0.0,0.0,0.0,0.0,0.0,0.0,0.0
2022-12-29 23:00:00,0.0,0.0,0.0,0.0,0.0,0.0,0.0,0.0,0.0,0.0,0.0,0.0,0.0,0.0,0.0,0.0,0.0,0.0
2022-12-30 00:00:00,0.0,0.0,0.0,0.0,0.0,0.0,0.0,0.0,0.0,0.0,0.0,0.0,0.0,0.0,0.0,0.0,0.0,0.0
2022-12-30 01:00:00,0.0,0.0,0.0,0.0,0.0,0.0,0.0,0.0,0.0,0.0,0.0,0.0,0.0,0.0,0.0,0.0,0.0,0.0
2022-12-30 02:00:00,0.0,0.0,0.0,0.0,0.0,0.0,0.0,0.0,0.0,0.0,0.0,0.0,0.0,0.0,0.0,0.0,0.0,0.0
2022-12-30 03:00:00,0.0,0.0,0.0,0.0,0.0,0.0,0.0,0.0,0.0,0.0,0.0,0.0,0.0,0.0,0.0,0.0,0.0,0.0
2022-12-30 04:00:00,0.0,0.0,0.0,0.0,0.0,0.0,0.0,0.0,0.0,0.0,0.0,0.0,0.0,0.0,0.0,0.0,0.0,0.0
2022-12-30 05:00:00,0.0,0.0,0.0,0.0,0.0,0.0,0.0,0.0,0.0,0.0,0.0,0.0,0.0,0.0,0.0,0.0,0.0,0.0
2022-12-30 06:00:00,0.0,0.0,0.0,0.0,0.0,0.0,0.0,0.0,0.0,0.0,0.0,0.0,0.0,0.0,0.0,0.0,0.0,0.0
2022-12-30 07:00:00,0.0,0.0,0.0,0.0,0.0,0.0,0.0,0.0,0.0,0.0,0.0,0.0,0.0,0.0,0.0,0.0,0.0,0.0
2022-12-30 08:00:00,0.0,0.0,0.0,0.0,0.0,0.0,0.0,0.0,0.0,0.0,0.0,0.0,0.0,0.0,0.0,0.0,0.0,0.0
2022-12-30 09:00:00,11.25,0.0,14.75,0.0,8.75,0.0,9.25,0.0,8.0,0.0,6.25,0.0,6.5,0.0,9.5,0.0,74.25,2.2422
2022-12-30 10:00:00,53.25,0.0,64.75,0.0,46.75,0.0,56.75,0.0,54.75,0.0,63.0,0.0,76.0,0.0,65.75,0.0,481.0,226.2712
2022-12-30 11:00:00,129.5,0.0,126.75,0.0,122.75,0.0,132.5,0.0,149.5,0.0,148.25,0.0,132.75,0.0,144.75,0.0,1086.75,1047.6184
2022-12-30 12:00:00,122.25,0.0,117.75,0.0,113.75,0.0,119.0,0.0,119.75,0.0,114.0,0.0,123.75,0.0,128.25,0.0,958.5,1029.9768
2022-12-30 13:00:00,133.75,0.0,134.5,0.0,123.75,0.0,127.5,0.0,122.5,0.0,115.5,0.0,120.0,0.0,124.75,0.0,1002.25,872.866
2022-12-30 14:00:00,81.0,0.0,82.25,0.0,78.25,0.0,75.75,0.0,86.75,0.0,85.25,0.0,79.75,0.0,80.75,0.0,649.75,825.213
2022-12-30 15:00:00,25.0,0.0,25.0,0.0,27.25,0.0,24.25,0.0,30.5,0.0,23.75,0.0,26.25,0.0,28.0,0.0,210.0,226.1995
2022-12-30 16:00:00,31.75,0.0,27.5,0.0,30.75,0.0,27.75,0.0,33.25,0.0,29.75,0.0,27.25,0.0,30.25,0.0,238.25,177.763
2022-12-30 17:00:00,17.5,0.0,13.75,0.0,18.75,0.0,16.25,0.0,23.25,0.0,22.5,0.0,24.75,0.0,29.0,0.0,165.75,365.3522
2022-12-30 18:00:00,0.0,0.0,0.0,0.0,0.0,0.0,0.0,0.0,0.0,0.0,0.0,0.0,0.0,0.0,0.0,0.0,0.0,0.0
2022-12-30 19:00:00,0.0,0.0,0.0,0.0,0.0,0.0,0.0,0.0,0.0,0.0,0.0,0.0,0.0,0.0,0.0,0.0,0.0,0.0
2022-12-30 20:00:00,0.0,0.0,0.0,0.0,0.0,0.0,0.0,0.0,0.0,0.0,0.0,0.0,0.0,0.0,0.0,0.0,0.0,0.0
2022-12-30 21:00:00,0.0,0.0,0.0,0.0,0.0,0.0,0.0,0.0,0.0,0.0,0.0,0.0,0.0,0.0,0.0,0.0,0.0,0.0
2022-12-30 22:00:00,0.0,0.0,0.0,0.0,0.0,0.0,0.0,0.0,0.0,0.0,0.0,0.0,0.0,0.0,0.0,0.0,0.0,0.0
2022-12-30 23:00:00,0.0,0.0,0.0,0.0,0.0,0.0,0.0,0.0,0.0,0.0,0.0,0.0,0.0,0.0,0.0,0.0,0.0,0.0
2022-12-31 00:00:00,0.0,0.0,0.0,0.0,0.0,0.0,0.0,0.0,0.0,0.0,0.0,0.0,0.0,0.0,0.0,0.0,0.0,0.0
2022-12-31 01:00:00,0.0,0.0,0.0,0.0,0.0,0.0,0.0,0.0,0.0,0.0,0.0,0.0,0.0,0.0,0.0,0.0,0.0,0.0
2022-12-31 02:00:00,0.0,0.0,0.0,0.0,0.0,0.0,0.0,0.0,0.0,0.0,0.0,0.0,0.0,0.0,0.0,0.0,0.0,0.0
2022-12-31 03:00:00,0.0,0.0,0.0,0.0,0.0,0.0,0.0,0.0,0.0,0.0,0.0,0.0,0.0,0.0,0.0,0.0,0.0,0.0
2022-12-31 04:00:00,0.0,0.0,0.0,0.0,0.0,0.0,0.0,0.0,0.0,0.0,0.0,0.0,0.0,0.0,0.0,0.0,0.0,0.0
2022-12-31 05:00:00,0.0,0.0,0.0,0.0,0.0,0.0,0.0,0.0,0.0,0.0,0.0,0.0,0.0,0.0,0.0,0.0,0.0,0.0
2022-12-31 06:00:00,0.0,0.0,0.0,0.0,0.0,0.0,0.0,0.0,0.0,0.0,0.0,0.0,0.0,0.0,0.0,0.0,0.0,0.0
2022-12-31 07:00:00,0.0,0.0,0.0,0.0,0.0,0.0,0.0,0.0,0.0,0.0,0.0,0.0,0.0,0.0,0.0,0.0,0.0,0.0
2022-12-31 08:00:00,0.0,0.0,0.0,0.0,0.0,0.0,0.0,0.0,0.0,0.0,0.0,0.0,0.0,0.0,0.0,0.0,0.0,0.0
2022-12-31 09:00:00,3.25,0.0,4.5,0.0,3.5,0.0,3.25,0.0,3.75,0.0,2.0,0.0,3.25,0.0,3.75,0.0,27.25,0.0
2022-12-31 10:00:00,10.0,0.0,10.0,0.0,10.75,0.0,10.5,0.0,12.25,0.0,10.0,0.0,11.5,0.0,13.0,0.0,88.0,64.2738
2022-12-31 11:00:00,30.75,0.0,31.5,0.0,18.0,0.0,22.75,0.0,33.75,0.0,24.75,0.0,30.25,0.0,32.75,0.0,224.5,159.949
2022-12-31 12:00:00,148.0,0.0,143.75,0.0,148.0,0.0,144.25,0.0,134.75,0.0,138.25,0.0,143.25,0.0,129.75,0.0,1130.0,881.2352
2022-12-31 13:00:00,184.75,0.0,187.5,0.0,172.25,0.0,179.0,0.0,198.5,0.0,188.25,0.0,167.75,0.0,183.5,0.0,1461.5,1504.2545
2022-12-31 14:00:00,188.25,0.0,175.25,0.0,190.25,0.0,168.25,0.0,177.5,0.0,176.25,0.0,173.0,0.0,183.5,0.0,1432.25,1397.3993
2022-12-31 15:00:00,118.75,0.0,127.5,0.0,116.0,0.0,125.0,0.0,110.5,0.0,100.25,0.0,121.25,0.0,121.0,0.0,940.25,1311.9449
2022-12-31 16:00:00,93.75,0.0,89.5,0.0,91.0,0.0,87.75,0.0,100.75,0.0,103.0,0.0,85.75,0.0,88.75,0.0,740.25,436.1997
2022-12-31 17:00:00,13.5,0.0,11.25,0.0,12.25,0.0,12.75,0.0,13.75,0.0,12.0,0.0,14.75,0.0,15.75,0.0,106.0,214.69
2022-12-31 18:00:00,0.0,0.0,0.0,0.0,0.0,0.0,0.0,0.0,0.0,0.0,0.0,0.0,0.0,0.0,0.0,0.0,0.0,0.0
2022-12-31 19:00:00,0.0,0.0,0.0,0.0,0.0,0.0,0.0,0.0,0.0,0.0,0.0,0.0,0.0,0.0,0.0,0.0,0.0,0.0
2022-12-31 20:00:00,0.0,0.0,0.0,0.0,0.0,0.0,0.0,0.0,0.0,0.0,0.0,0.0,0.0,0.0,0.0,0.0,0.0,0.0
2022-12-31 21:00:00,0.0,0.0,0.0,0.0,0.0,0.0,0.0,0.0,0.0,0.0,0.0,0.0,0.0,0.0,0.0,0.0,0.0,0.0
2022-12-31 22:00:00,0.0,0.0,0.0,0.0,0.0,0.0,0.0,0.0,0.0,0.0,0.0,0.0,0.0,0.0,0.0,0.0,0.0,0.0
2022-12-31 23:00:00,0.0,0.0,0.0,0.0,0.0,0.0,0.0,0.0,0.0,0.0,0.0,0.0,0.0,0.0,0.0,0.0,0.0,0.0
2023-01-01 00:00:00,0.0,0.0,0.0,0.0,0.0,0.0,0.0,0.0,0.0,0.0,0.0,0.0,0.0,0.0,0.0,0.0,0.0,0.0
